,url,game_date,moves,time_control,rated_flag,fen,time_class,termination,result,ECO,opening,start_time,end_time,villain_colour,hero_colour,hero_username,villain_username,hero_result,villain_result,termination_reason,opening_short
0,https://www.chess.com/game/live/108332543135,2024-05-01,1. d4 {[%clk 0:09:57]} 1... g6 {[%clk 0:09:58.8]} 2. e4 {[%clk 0:09:53.7]} 2... Bg7 {[%clk 0:09:56.5]} 3. f4 {[%clk 0:09:50.3]} 3... d6 {[%clk 0:09:53.5]} 4. h3 {[%clk 0:09:46.6]} 4... Nf6 {[%clk 0:09:49.9]} 5. Bd3 {[%clk 0:09:40.2]} 5... O-O {[%clk 0:09:42.1]} 6. c3 {[%clk 0:09:26.3]} 6... b6 {[%clk 0:09:36.1]} 7. Be3 {[%clk 0:09:16.4]} 7... Bb7 {[%clk 0:09:33.4]} 8. Nd2 {[%clk 0:09:12.9]} 8... Re8 {[%clk 0:09:17.4]} 9. Ngf3 {[%clk 0:09:09.3]} 9... Nc6 {[%clk 0:09:14.9]} 10. e5 {[%clk 0:09:02]} 10... dxe5 {[%clk 0:08:43.7]} 11. fxe5 {[%clk 0:08:59.1]} 11... Nd5 {[%clk 0:08:37.6]} 12. Bf2 {[%clk 0:08:52.8]} 12... e6 {[%clk 0:08:29.6]} 13. O-O {[%clk 0:08:46.7]} 13... a6 {[%clk 0:08:18.4]} 14. Ne4 {[%clk 0:08:42.7]} 14... h6 {[%clk 0:08:12.1]} 15. h4 {[%clk 0:08:21.4]} 15... Nce7 {[%clk 0:07:49.4]} 16. g4 {[%clk 0:08:09.4]} 16... Rc8 {[%clk 0:07:31.2]} 17. Qd2 {[%clk 0:07:51.6]} 17... c5 {[%clk 0:07:22.2]} 18. c4 {[%clk 0:07:45.1]} 18... Nb4 {[%clk 0:06:43.6]} 19. Nd6 {[%clk 0:07:18.8]} 19... Bxf3 {[%clk 0:06:30.6]} 20. Nxe8 {[%clk 0:07:09.6]} 20... Qxe8 {[%clk 0:06:28.9]} 21. dxc5 {[%clk 0:06:59.5]} 21... bxc5 {[%clk 0:06:17.9]} 22. Qe3 {[%clk 0:06:45.9]} 22... Bb7 {[%clk 0:06:06.3]} 23. Be4 {[%clk 0:06:36.4]} 23... Bxe4 {[%clk 0:05:50.7]} 24. Qxe4 {[%clk 0:06:28.2]} 24... Qc6 {[%clk 0:05:33.7]} 25. Qxc6 {[%clk 0:06:17.3]} 25... Nexc6 {[%clk 0:05:30.7]} 26. Bxc5 {[%clk 0:06:06.9]} 26... Bxe5 {[%clk 0:05:22]} 27. Rab1 {[%clk 0:05:54.5]} 27... Nd3 {[%clk 0:05:12.5]} 28. Be3 {[%clk 0:05:35.7]} 28... Nxb2 {[%clk 0:05:03.4]} 29. Bxh6 {[%clk 0:05:27.9]} 29... Nxc4 {[%clk 0:04:56.1]} 30. h5 {[%clk 0:05:23.7]} 30... Kh7 {[%clk 0:04:47.6]} 31. Bf4 {[%clk 0:05:14.7]} 31... Bxf4 {[%clk 0:04:40.6]} 32. hxg6+ {[%clk 0:05:10.2]} 32... Kxg6 {[%clk 0:04:37.6]} 33. Rxf4 {[%clk 0:05:09.5]} 33... Nd2 {[%clk 0:04:24.1]} 34. Rc1 {[%clk 0:04:57.3]} 34... Ne7 {[%clk 0:04:20.1]} 35. Rxc8 {[%clk 0:04:51.9]} 35... Nxc8 {[%clk 0:04:20]} 36. Ra4 {[%clk 0:04:32.9]} 36... Nf3+ {[%clk 0:04:15.3]} 37. Kf2 {[%clk 0:04:26.9]} 37... Ne5 {[%clk 0:04:04.3]} 38. Kg3 {[%clk 0:04:20.9]} 38... Ne7 {[%clk 0:03:57.3]} 39. Rxa6 {[%clk 0:04:16.2]} 39... N7c6 {[%clk 0:03:55]} 40. Ra8 {[%clk 0:04:10.4]} 40... Ne7 {[%clk 0:03:33.7]} 41. a4 {[%clk 0:04:04.6]} 41... N5c6 {[%clk 0:03:32.2]} 42. a5 {[%clk 0:03:56.4]} 42... Nd5 {[%clk 0:03:27.7]} 43. a6 {[%clk 0:03:51.1]} 43... Nb6 {[%clk 0:03:22.9]} 44. Rg8+ {[%clk 0:03:37.8]} 44... Kf6 {[%clk 0:03:21.3]} 45. g5+ {[%clk 0:03:29.3]} 45... Ke7 {[%clk 0:03:18.5]} 46. Rg7 {[%clk 0:03:23]} 46... Nb4 {[%clk 0:03:01.7]} 47. a7 {[%clk 0:03:16.6]} 47... Nc6 {[%clk 0:03:00.4]} 48. g6 {[%clk 0:03:13.9]} 48... Ne5 {[%clk 0:02:36.3]} 49. gxf7 {[%clk 0:03:03.2]} 49... Nxf7 {[%clk 0:02:22]} 50. Kf3 {[%clk 0:02:55.3]} 50... Kf8 {[%clk 0:02:14.2]} 51. Rg1 {[%clk 0:02:45.3]} 51... Ne5+ {[%clk 0:02:06.5]} 52. Ke4 {[%clk 0:02:38.8]} 52... Nc6 {[%clk 0:02:04.7]} 53. Ra1 {[%clk 0:02:31.7]} 53... Ke7 {[%clk 0:01:59.1]} 54. a8=Q {[%clk 0:02:26.6]} 54... Nxa8 {[%clk 0:01:58]} 55. Rxa8 {[%clk 0:02:22.8]} 55... Kd7 {[%clk 0:01:56.6]} 56. Ra1 {[%clk 0:02:15.5]} 56... Kd6 {[%clk 0:01:55.7]} 57. Ra6 {[%clk 0:02:12.2]} 57... Kd7 {[%clk 0:01:53.4]} 58. Kf4 {[%clk 0:02:04.6]} 58... e5+ {[%clk 0:01:51.5]} 59. Kf5 {[%clk 0:02:00.5]} 59... Kd6 {[%clk 0:01:50.9]} 60. Rb6 {[%clk 0:01:54.3]} 60... Kd5 {[%clk 0:01:50.1]} 61. Rb5+ {[%clk 0:01:51.4]} 61... Kd6 {[%clk 0:01:48.1]} 62. Rb6 {[%clk 0:01:46.8]} 62... Kd5 {[%clk 0:01:46.7]} 63. Rxc6 {[%clk 0:01:41.7]} 63... Kxc6 {[%clk 0:01:45.5]} 64. Kxe5 {[%clk 0:01:40.7]} 1/2-1/2,600,True,8/8/2k5/4K3/8/8/8/8 b - -,rapid,Game drawn by insufficient material,1/2-1/2,B06,Modern-Defense-with-1-e4-2.d4-d6-3.f4-Bg7,20:02:10,20:19:05,white,black,willlt001,jackedU711,draw,draw,insufficient material,Modern-Defense
1,https://www.chess.com/game/live/108333720171,2024-05-01,1. e4 {[%clk 0:10:00]} 1... c6 {[%clk 0:09:59.8]} 2. d4 {[%clk 0:09:59.7]} 2... d5 {[%clk 0:09:58.5]} 3. e5 {[%clk 0:09:59.4]} 3... c5 {[%clk 0:09:57.3]} 4. h3 {[%clk 0:09:59.1]} 4... Nc6 {[%clk 0:09:54.7]} 5. c4 {[%clk 0:09:56.5]} 5... cxd4 {[%clk 0:09:48.3]} 6. cxd5 {[%clk 0:09:54.9]} 6... Qxd5 {[%clk 0:09:44.8]} 7. Nf3 {[%clk 0:09:52.1]} 7... Nxe5 {[%clk 0:09:23.9]} 8. Nc3 {[%clk 0:09:51.1]} 8... Nxf3+ {[%clk 0:09:18.6]} 9. gxf3 {[%clk 0:09:46.8]} 9... Qd8 {[%clk 0:08:33.4]} 10. Bb5+ {[%clk 0:09:37.6]} 10... Bd7 {[%clk 0:08:29.9]} 11. Qxd4 {[%clk 0:09:34.7]} 11... Bxb5 {[%clk 0:08:12.3]} 12. Qb4 {[%clk 0:09:17.7]} 12... Bc6 {[%clk 0:07:46.7]} 13. O-O {[%clk 0:09:10.3]} 13... e6 {[%clk 0:07:35.1]} 14. Qf4 {[%clk 0:08:45.7]} 14... Nf6 {[%clk 0:07:19.4]} 15. Be3 {[%clk 0:08:44.8]} 15... Be7 {[%clk 0:07:11.6]} 16. Rfd1 {[%clk 0:08:43.9]} 16... Qb8 {[%clk 0:06:59.2]} 17. Qg5 {[%clk 0:08:26.8]} 17... O-O {[%clk 0:06:52.1]} 18. Qg2 {[%clk 0:08:07.3]} 18... Nd5 {[%clk 0:06:37.4]} 19. Bh6 {[%clk 0:08:03.7]} 19... Bf6 {[%clk 0:06:07.8]} 20. Ne4 {[%clk 0:07:58.6]} 20... Nf4 {[%clk 0:05:26.8]} 21. Nxf6+ {[%clk 0:07:48.5]} 21... Kh8 {[%clk 0:05:19.8]} 22. Qxg7# {[%clk 0:07:47]} 1-0,600,True,rq3r1k/pp3pQp/2b1pN1B/8/5n2/5P1P/PP3P2/R2R2K1 b - -,rapid,ANGarkusa won by checkmate,1-0,B12,Caro-Kann-Defense-Advance-Botvinnik-Carls-Defense,20:22:07,20:29:09,white,black,willlt001,ANGarkusa,loss,win,checkmate,Caro-Kann
2,https://www.chess.com/game/live/108418171157,2024-05-02,1. e4 {[%clk 0:10:00]} 1... d5 {[%clk 0:09:59.8]} 2. exd5 {[%clk 0:09:58.1]} 2... Qxd5 {[%clk 0:09:59.7]} 3. Nc3 {[%clk 0:09:56.7]} 3... Qa5 {[%clk 0:09:58.8]} 4. d4 {[%clk 0:09:53.9]} 4... Nf6 {[%clk 0:09:58]} 5. Nf3 {[%clk 0:09:49.6]} 5... Bf5 {[%clk 0:09:56.4]} 6. Bd3 {[%clk 0:09:41.2]} 6... e6 {[%clk 0:09:51.2]} 7. Bxf5 {[%clk 0:09:32.3]} 7... Qxf5 {[%clk 0:09:48]} 8. O-O {[%clk 0:09:28.7]} 8... Bd6 {[%clk 0:09:43]} 9. Re1 {[%clk 0:09:16.1]} 9... O-O {[%clk 0:09:22]} 10. Be3 {[%clk 0:08:59.5]} 10... Ng4 {[%clk 0:09:12]} 11. Qd2 {[%clk 0:08:39.4]} 11... Nxe3 {[%clk 0:09:04.5]} 12. Rxe3 {[%clk 0:08:33.2]} 12... Bf4 {[%clk 0:09:01.2]} 13. Rae1 {[%clk 0:08:15.4]} 13... Bxe3 {[%clk 0:08:59.1]} 14. Rxe3 {[%clk 0:08:15.3]} 14... Nc6 {[%clk 0:08:45.7]} 15. h3 {[%clk 0:08:05.4]} 15... Rfd8 {[%clk 0:08:35.4]} 16. a3 {[%clk 0:07:52.6]} 16... f6 {[%clk 0:07:59.2]} 17. Ne2 {[%clk 0:07:17.5]} 17... e5 {[%clk 0:07:55.2]} 18. d5 {[%clk 0:07:07.4]} 18... Ne7 {[%clk 0:07:26.9]} 19. c4 {[%clk 0:07:00.8]} 19... Ng6 {[%clk 0:06:50]} 20. Ng3 {[%clk 0:06:42.7]} 20... Rd6 {[%clk 0:06:11]} 21. Nxf5 {[%clk 0:06:35.5]} 1-0,600,True,r5k1/ppp3pp/3r1pn1/3PpN2/2P5/P3RN1P/1P1Q1PP1/6K1 b - -,rapid,willlt001 won by resignation,1-0,B01,Scandinavian-Defense-Mieses-Kotrc-Main-Line-4.d4-Nf6-5.Nf3-Bf5,19:43:31,19:51:04,black,white,willlt001,mo3225,win,loss,resignation,Scandinavian-Defense
3,https://www.chess.com/game/live/108495126467,2024-05-03,1. e4 {[%clk 0:09:52.2]} 1... c6 {[%clk 0:09:56.9]} 2. f4 {[%clk 0:09:49.8]} 2... d5 {[%clk 0:09:52.2]} 3. exd5 {[%clk 0:09:48.4]} 3... cxd5 {[%clk 0:09:49.6]} 4. Nf3 {[%clk 0:09:48]} 4... Bg4 {[%clk 0:09:47]} 5. h3 {[%clk 0:09:41.5]} 5... Bxf3 {[%clk 0:09:32.4]} 6. Qxf3 {[%clk 0:09:41.4]} 6... Nf6 {[%clk 0:09:30.3]} 7. Bb5+ {[%clk 0:09:39.6]} 7... Nc6 {[%clk 0:09:26.7]} 8. O-O {[%clk 0:09:37.4]} 8... a6 {[%clk 0:09:23.3]} 9. Ba4 {[%clk 0:09:35.5]} 9... b5 {[%clk 0:09:19.8]} 10. Bb3 {[%clk 0:09:35]} 10... e6 {[%clk 0:09:13.9]} 11. c3 {[%clk 0:09:25.8]} 11... Bc5+ {[%clk 0:08:26.9]} 12. d4 {[%clk 0:09:24.5]} 12... Bd6 {[%clk 0:08:18.5]} 13. Be3 {[%clk 0:09:20.6]} 13... O-O {[%clk 0:07:55.4]} 14. Nd2 {[%clk 0:07:21.2]} 14... Ne7 {[%clk 0:07:30.7]} 15. Rae1 {[%clk 0:07:13.7]} 15... Nf5 {[%clk 0:07:22.9]} 16. Bc2 {[%clk 0:07:10.9]} 16... g6 {[%clk 0:06:29.4]} 17. g4 {[%clk 0:06:35.7]} 17... Nxe3 {[%clk 0:06:14.8]} 18. Rxe3 {[%clk 0:06:31.6]} 18... Qd7 {[%clk 0:05:40.2]} 19. f5 {[%clk 0:06:27.4]} 19... exf5 {[%clk 0:05:13.8]} 20. gxf5 {[%clk 0:06:27.3]} 20... Rae8 {[%clk 0:04:59.1]} 21. fxg6 {[%clk 0:06:23.4]} 21... fxg6 {[%clk 0:04:28.6]} 22. Rxe8 {[%clk 0:06:21]} 22... Qxe8 {[%clk 0:04:13.9]} 23. Nb3 {[%clk 0:05:41.7]} 23... Qe7 {[%clk 0:03:53.6]} 24. Na5 {[%clk 0:05:18.4]} 24... Ne4 {[%clk 0:03:48]} 25. Qg2 {[%clk 0:04:39.9]} 25... Rxf1+ {[%clk 0:03:24.6]} 26. Kxf1 {[%clk 0:04:39.8]} 26... Qf6+ {[%clk 0:03:11]} 27. Kg1 {[%clk 0:04:32.8]} 27... Qh4 {[%clk 0:02:44.1]} 28. Nb7 {[%clk 0:04:08.9]} 28... Qe1+ {[%clk 0:02:28.8]} 29. Qf1 {[%clk 0:04:06.7]} 29... Qe3+ {[%clk 0:02:14]} 30. Kg2 {[%clk 0:03:58.5]} 30... Qg3+ {[%clk 0:02:07.3]} 31. Kh1 {[%clk 0:03:52.1]} 31... Qh2# {[%clk 0:02:06.2]} 0-1,600,True,6k1/1N5p/p2b2p1/1p1p4/3Pn3/2P4P/PPB4q/5Q1K w - -,rapid,willlt001 won by checkmate,0-1,B10,Caro-Kann-Defense-2.f4-d5,17:11:40,17:25:50,white,black,willlt001,cvanwink,win,loss,checkmate,Caro-Kann
4,https://www.chess.com/game/live/108498125049,2024-05-03,1. e4 {[%clk 0:09:59.5]} 1... c6 {[%clk 0:09:58.7]} 2. Nf3 {[%clk 0:09:58.1]} 2... d5 {[%clk 0:09:56.2]} 3. exd5 {[%clk 0:09:57.1]} 3... cxd5 {[%clk 0:09:54.9]} 4. d4 {[%clk 0:09:56.2]} 4... Bg4 {[%clk 0:09:53.4]} 5. Bc4 {[%clk 0:09:53.4]} 5... dxc4 {[%clk 0:09:46.5]} 6. h3 {[%clk 0:09:50.8]} 6... Bh5 {[%clk 0:09:36.8]} 7. g4 {[%clk 0:09:49.4]} 7... Bg6 {[%clk 0:09:35.3]} 8. Ne5 {[%clk 0:09:45.1]} 8... Nc6 {[%clk 0:09:18.2]} 9. Nxc4 {[%clk 0:09:35.5]} 9... Qxd4 {[%clk 0:09:09.5]} 10. Qxd4 {[%clk 0:09:16.1]} 10... Nxd4 {[%clk 0:09:09.4]} 11. Nba3 {[%clk 0:08:58.8]} 11... e6 {[%clk 0:09:03.4]} 12. Be3 {[%clk 0:08:37.9]} 12... Rd8 {[%clk 0:08:55.1]} 13. O-O-O {[%clk 0:08:33.1]} 13... Ne2+ {[%clk 0:08:47.1]} 14. Kb1 {[%clk 0:08:25.7]} 14... Rxd1+ {[%clk 0:08:38.3]} 15. Rxd1 {[%clk 0:08:22.6]} 15... Bxa3 {[%clk 0:08:35.3]} 16. Nxa3 {[%clk 0:08:16.1]} 16... e5 {[%clk 0:08:16]} 17. Nb5 {[%clk 0:08:08.9]} 17... Nf6 {[%clk 0:07:19.3]} 18. Bc5 {[%clk 0:07:48.9]} 18... Nd4 {[%clk 0:07:05.9]} 19. Nxd4 {[%clk 0:06:57.1]} 19... exd4 {[%clk 0:07:05.8]} 20. Re1+ {[%clk 0:06:55.2]} 20... Kd8 {[%clk 0:06:50.7]} 21. Bxd4 {[%clk 0:06:46.2]} 21... Re8 {[%clk 0:06:44.9]} 22. Bxf6+ {[%clk 0:06:08.3]} 22... gxf6 {[%clk 0:06:44.8]} 23. Rxe8+ {[%clk 0:06:01.8]} 23... Kxe8 {[%clk 0:06:41]} 24. Kc1 {[%clk 0:06:00.9]} 24... Kd7 {[%clk 0:06:38.2]} 25. Kd2 {[%clk 0:05:58.9]} 25... Kd6 {[%clk 0:06:36.3]} 26. c3 {[%clk 0:05:57.2]} 26... Be4 {[%clk 0:06:31.2]} 27. Ke3 {[%clk 0:05:53.4]} 27... Ke5 {[%clk 0:06:29.5]} 28. f4+ {[%clk 0:05:51.3]} 28... Kd5 {[%clk 0:06:26.5]} 29. b3 {[%clk 0:05:47.6]} 29... Bb1 {[%clk 0:06:21.2]} 30. c4+ {[%clk 0:05:30]} 30... Ke6 {[%clk 0:06:14.4]} 31. a3 {[%clk 0:05:28.2]} 31... Bc2 {[%clk 0:05:52.5]} 32. b4 {[%clk 0:05:24]} 32... Bb3 {[%clk 0:05:21.9]} 33. Kd4 {[%clk 0:05:18.3]} 33... Bd1 {[%clk 0:05:16.9]} 34. Ke4 {[%clk 0:04:59]} 34... Bc2+ {[%clk 0:04:49.3]} 35. Kd4 {[%clk 0:04:32.2]} 35... f5 {[%clk 0:04:45.8]} 36. g5 {[%clk 0:04:28.2]} 36... Be4 {[%clk 0:04:33.3]} 37. h4 {[%clk 0:04:23.5]} 37... Bf3 {[%clk 0:04:14.7]} 38. c5 {[%clk 0:04:14.7]} 38... f6 {[%clk 0:04:09]} 39. a4 {[%clk 0:04:05.9]} 39... fxg5 {[%clk 0:04:06.4]} 40. hxg5 {[%clk 0:04:02.7]} 40... Bd5 {[%clk 0:03:55.5]} 41. a5 {[%clk 0:03:57.8]} 41... a6 {[%clk 0:03:44.5]} 42. Ke3 {[%clk 0:03:49.1]} 42... Bc6 {[%clk 0:03:41.4]} 43. Kd4 {[%clk 0:03:46.8]} 43... Bb5 {[%clk 0:03:36.1]} 44. Ke3 {[%clk 0:03:24.4]} 44... Kd5 {[%clk 0:03:34]} 45. Kd2 {[%clk 0:03:20.5]} 45... Ke4 {[%clk 0:03:32.1]} 46. Kc3 {[%clk 0:02:56.7]} 46... Kxf4 {[%clk 0:03:29.4]} 47. Kd4 {[%clk 0:02:55.9]} 47... Kxg5 {[%clk 0:03:25.6]} 48. Kd5 {[%clk 0:02:54.6]} 48... Bc6+ {[%clk 0:03:24.2]} 49. Ke5 {[%clk 0:02:46.8]} 49... h5 {[%clk 0:03:22.7]} 0-1,600,True,8/1p6/p1b5/P1P1Kpkp/1P6/8/8/8 w - h6,rapid,willlt001 won by resignation,0-1,B13,Caro-Kann-Defense-Exchange-Variation-3...cxd5-4.Nf3,18:01:18,18:15:29,white,black,willlt001,ousmanndaw,win,loss,resignation,Caro-Kann
5,https://www.chess.com/game/live/108567643929,2024-05-04,1. e4 {[%clk 0:03:02]} 1... c6 {[%clk 0:03:00.4]} 2. d4 {[%clk 0:03:02.6]} 2... d5 {[%clk 0:03:01.3]} 3. f3 {[%clk 0:03:03.8]} 3... g6 {[%clk 0:02:34.3]} 4. e5 {[%clk 0:03:02.6]} 4... f6 {[%clk 0:02:30.9]} 5. f4 {[%clk 0:02:59.1]} 5... c5 {[%clk 0:01:49.4]} 6. c3 {[%clk 0:02:49.9]} 6... Nc6 {[%clk 0:01:48.4]} 7. Nf3 {[%clk 0:02:49.4]} 7... Qa5 {[%clk 0:01:49.8]} 8. Be3 {[%clk 0:02:40.4]} 8... cxd4 {[%clk 0:01:46.1]} 9. Nxd4 {[%clk 0:02:34.7]} 9... fxe5 {[%clk 0:01:33.1]} 10. Nxc6 {[%clk 0:02:30.5]} 10... bxc6 {[%clk 0:01:34.2]} 11. fxe5 {[%clk 0:02:30]} 11... Qc7 {[%clk 0:01:19.8]} 12. Bf4 {[%clk 0:02:22.8]} 12... Bg7 {[%clk 0:01:20.4]} 13. Qd4 {[%clk 0:02:15.6]} 13... c5 {[%clk 0:01:04.3]} 14. Qxd5 {[%clk 0:02:16.5]} 14... Bb7 {[%clk 0:01:00.5]} 15. Qc4 {[%clk 0:02:01]} 15... Bxe5 {[%clk 0:00:58]} 16. Bxe5 {[%clk 0:01:57.3]} 16... Qxe5+ {[%clk 0:00:58.7]} 17. Kd1 {[%clk 0:01:42.5]} 17... Rd8+ {[%clk 0:00:55.2]} 18. Kc2 {[%clk 0:01:42.3]} 18... Be4+ {[%clk 0:00:50.5]} 19. Kc1 {[%clk 0:01:37.4]} 19... Qf4+ {[%clk 0:00:43.4]} 20. Nd2 {[%clk 0:01:34]} 20... Qxd2# {[%clk 0:00:43.6]} 0-1,180+2,True,3rk1nr/p3p2p/6p1/2p5/2Q1b3/2P5/PP1q2PP/R1K2B1R w k -,blitz,Foxakram won by checkmate,0-1,B12,Caro-Kann-Defense-Fantasy-Variation-3...g6,13:17:43,13:22:57,black,white,willlt001,Foxakram,loss,win,checkmate,Caro-Kann
6,https://www.chess.com/game/live/108568818137,2024-05-04,1. e4 {[%clk 0:15:07.1]} 1... c5 {[%clk 0:15:08.5]} 2. c3 {[%clk 0:15:10.2]} 2... d5 {[%clk 0:15:08.2]} 3. e5 {[%clk 0:15:07.4]} 3... Nc6 {[%clk 0:14:46.5]} 4. d4 {[%clk 0:15:04.7]} 4... cxd4 {[%clk 0:14:47.3]} 5. cxd4 {[%clk 0:15:01.6]} 5... e6 {[%clk 0:14:47]} 6. a3 {[%clk 0:14:44.8]} 6... a6 {[%clk 0:14:41.5]} 7. Nf3 {[%clk 0:14:46]} 7... Nge7 {[%clk 0:14:37.1]} 8. b4 {[%clk 0:14:23.3]} 8... Ng6 {[%clk 0:14:18.5]} 9. Nc3 {[%clk 0:14:05.5]} 9... b5 {[%clk 0:13:51]} 10. Be2 {[%clk 0:13:57.8]} 10... Qb6 {[%clk 0:13:26.8]} 11. O-O {[%clk 0:13:53.4]} 11... Be7 {[%clk 0:13:33.2]} 12. Be3 {[%clk 0:13:18.1]} 12... O-O {[%clk 0:13:31.5]} 13. Rc1 {[%clk 0:12:59.1]} 13... Bb7 {[%clk 0:13:12.6]} 14. Qd2 {[%clk 0:13:00.4]} 14... f6 {[%clk 0:12:25.2]} 15. h4 {[%clk 0:12:36.3]} 15... Qd8 {[%clk 0:12:24]} 16. h5 {[%clk 0:12:41]} 16... Nh8 {[%clk 0:11:24.3]} 17. exf6 {[%clk 0:12:32.8]} 17... Bxf6 {[%clk 0:11:27]} 18. Bd3 {[%clk 0:12:03.9]} 18... Nf7 {[%clk 0:11:04.3]} 19. Qc2 {[%clk 0:12:02.4]} 19... h6 {[%clk 0:09:36.4]} 20. Rfe1 {[%clk 0:11:35.8]} 20... Ng5 {[%clk 0:09:27.4]} 21. Bxg5 {[%clk 0:10:39.5]} 21... Bxg5 {[%clk 0:09:34.5]} 22. Nxg5 {[%clk 0:10:46.7]} 22... Qxg5 {[%clk 0:09:42.5]} 23. Bh7+ {[%clk 0:10:17.9]} 23... Kh8 {[%clk 0:09:43.1]} 24. Qd3 {[%clk 0:10:09.7]} 24... Nxd4 {[%clk 0:09:02.2]} 25. Qxd4 {[%clk 0:10:11.9]} 25... Kxh7 {[%clk 0:09:08.6]} 26. Rxe6 {[%clk 0:10:20.3]} 26... Qxc1+ {[%clk 0:09:12.9]} 27. Kh2 {[%clk 0:10:26]} 0-1,900+10,True,r4r2/1b4pk/p3R2p/1p1p3P/1P1Q4/P1N5/5PPK/2q5 b - -,rapid,coldplay28 won by resignation,0-1,B22,Alapin-Sicilian-Defense-2...d5,13:36:11,13:55:40,black,white,willlt001,coldplay28,loss,win,resignation,Alapin-Sicilian
7,https://www.chess.com/game/live/108571252827,2024-05-04,1. e4 {[%clk 0:03:02]} 1... d6 {[%clk 0:03:01.8]} 2. d4 {[%clk 0:03:02.4]} 2... Nf6 {[%clk 0:03:02.7]} 3. Nc3 {[%clk 0:03:03]} 3... g6 {[%clk 0:03:03.9]} 4. Nf3 {[%clk 0:03:03.7]} 4... Bg7 {[%clk 0:03:05.2]} 5. Be2 {[%clk 0:03:04.6]} 5... O-O {[%clk 0:03:06.2]} 6. O-O {[%clk 0:03:05.3]} 6... Nc6 {[%clk 0:03:06.3]} 7. Be3 {[%clk 0:03:04.5]} 7... Bg4 {[%clk 0:03:04.7]} 8. Qd2 {[%clk 0:03:02.4]} 8... Bxf3 {[%clk 0:02:56.6]} 9. Bxf3 {[%clk 0:03:03.4]} 9... e5 {[%clk 0:02:57.6]} 10. d5 {[%clk 0:02:51.4]} 10... Ne7 {[%clk 0:02:57.7]} 11. a4 {[%clk 0:02:40.5]} 11... Nd7 {[%clk 0:02:56.8]} 12. b4 {[%clk 0:02:39.3]} 12... f5 {[%clk 0:02:56.2]} 13. Qd3 {[%clk 0:02:16.5]} 13... f4 {[%clk 0:02:55.6]} 14. Bd2 {[%clk 0:02:15.7]} 14... Nf6 {[%clk 0:02:55.6]} 15. Ne2 {[%clk 0:02:14.7]} 15... g5 {[%clk 0:02:55]} 16. h3 {[%clk 0:02:04.8]} 16... h5 {[%clk 0:02:44.7]} 17. g3 {[%clk 0:01:46.3]} 17... Qd7 {[%clk 0:02:39.1]} 18. Bg2 {[%clk 0:01:44.7]} 18... g4 {[%clk 0:02:31.3]} 19. h4 {[%clk 0:01:32.5]} 19... f3 {[%clk 0:02:30.8]} 20. Bxf3 {[%clk 0:01:31.5]} 20... gxf3 {[%clk 0:02:31]} 21. Qxf3 {[%clk 0:01:29.9]} 21... Qh3 {[%clk 0:02:21.8]} 22. Qg2 {[%clk 0:01:13.6]} 22... Qxg2+ {[%clk 0:02:16.4]} 23. Kxg2 {[%clk 0:01:15.5]} 23... Ng4 {[%clk 0:02:16.2]} 24. Bg5 {[%clk 0:01:13.2]} 24... Ng6 {[%clk 0:02:11.7]} 25. c4 {[%clk 0:01:11.5]} 25... Bf6 {[%clk 0:02:06.6]} 26. Bd2 {[%clk 0:01:10.2]} 26... Bg7 {[%clk 0:01:52.5]} 27. Bg5 {[%clk 0:01:08.5]} 27... Bh6 {[%clk 0:01:52.8]} 28. f3 {[%clk 0:01:06]} 28... Ne3+ {[%clk 0:01:48.8]} 29. Bxe3 {[%clk 0:01:04.7]} 29... Bxe3 {[%clk 0:01:49.3]} 30. f4 {[%clk 0:01:01.9]} 30... exf4 {[%clk 0:01:49.2]} 31. gxf4 {[%clk 0:01:03]} 0-1,180+2,True,r4rk1/ppp5/3p2n1/3P3p/PPP1PP1P/4b3/4N1K1/R4R2 b - -,blitz,Wlodek1955 won by resignation,0-1,B08,Pirc-Defense-Classical-Quiet-Parma-Defense-7.Be3-Nc6-8.Qd2,14:17:59,14:23:31,black,white,willlt001,Wlodek1955,loss,win,resignation,Pirc-Defense
8,https://www.chess.com/game/live/108580248139,2024-05-04,1. e4 {[%clk 0:15:09.8]} 1... c6 {[%clk 0:15:05.3]} 2. Nf3 {[%clk 0:15:17.6]} 2... d5 {[%clk 0:15:14.2]} 3. exd5 {[%clk 0:15:17.3]} 3... cxd5 {[%clk 0:15:22.2]} 4. d4 {[%clk 0:15:22.4]} 4... Nf6 {[%clk 0:15:25.3]} 5. c4 {[%clk 0:15:04.5]} 5... Bg4 {[%clk 0:15:22.6]} 6. Qa4+ {[%clk 0:15:00.7]} 6... Nc6 {[%clk 0:15:18]} 7. Ne5 {[%clk 0:15:07]} 7... Qa5+ {[%clk 0:15:16.5]} 8. Qxa5 {[%clk 0:14:58.6]} 8... Nxa5 {[%clk 0:15:26.4]} 9. Nxg4 {[%clk 0:14:53.2]} 9... Nxg4 {[%clk 0:15:33.8]} 10. cxd5 {[%clk 0:14:57.4]} 10... Nf6 {[%clk 0:15:32.1]} 11. Nc3 {[%clk 0:14:50.2]} 11... Rd8 {[%clk 0:15:33.9]} 12. Bb5+ {[%clk 0:14:52.4]} 12... Nd7 {[%clk 0:15:36.4]} 13. O-O {[%clk 0:14:49.4]} 13... a6 {[%clk 0:15:44.2]} 14. Bd3 {[%clk 0:14:26.5]} 14... Nf6 {[%clk 0:15:41.6]} 15. Bd2 {[%clk 0:14:15.1]} 15... Nxd5 {[%clk 0:15:40.9]} 16. Nxd5 {[%clk 0:14:14.2]} 16... Rxd5 {[%clk 0:15:50]} 17. Bxa5 {[%clk 0:14:19.2]} 17... Rxa5 {[%clk 0:15:58.6]} 18. Be4 {[%clk 0:13:58.6]} 18... Rb5 {[%clk 0:16:00]} 19. b3 {[%clk 0:13:59.3]} 19... e6 {[%clk 0:16:05.9]} 20. Rfe1 {[%clk 0:14:02]} 20... Bb4 {[%clk 0:16:09.9]} 21. Re2 {[%clk 0:13:54.6]} 21... O-O {[%clk 0:16:14]} 22. Rc1 {[%clk 0:13:38.4]} 22... Bd6 {[%clk 0:15:46.1]} 23. h3 {[%clk 0:13:32]} 23... Rd8 {[%clk 0:15:40.1]} 24. Rec2 {[%clk 0:13:20.8]} 24... g6 {[%clk 0:15:35]} 25. Rc8 {[%clk 0:13:04.1]} 25... Rxc8 {[%clk 0:15:38.5]} 26. Rxc8+ {[%clk 0:13:11]} 26... Kg7 {[%clk 0:15:46]} 27. Rd8 {[%clk 0:13:15.3]} 27... Bb4 {[%clk 0:14:47.1]} 28. Rd7 {[%clk 0:12:46.1]} 28... b6 {[%clk 0:14:53.4]} 29. a4 {[%clk 0:12:15.1]} 29... Rg5 {[%clk 0:14:10.1]} 30. Rb7 {[%clk 0:12:12.9]} 30... Ba5 {[%clk 0:13:57.6]} 31. Bd3 {[%clk 0:12:09.8]} 31... Rd5 {[%clk 0:13:50.9]} 32. Bxa6 {[%clk 0:12:04]} 32... Rxd4 {[%clk 0:13:57.3]} 33. Bb5 {[%clk 0:11:43.5]} 33... Rf4 {[%clk 0:12:39.7]} 34. g3 {[%clk 0:11:26.7]} 34... Rf5 {[%clk 0:12:37.7]} 35. Bc4 {[%clk 0:11:10.3]} 35... Be1 {[%clk 0:12:29.7]} 36. f4 {[%clk 0:11:02]} 36... Ba5 {[%clk 0:12:28.1]} 37. Bxe6 {[%clk 0:11:04.4]} 37... Rf6 {[%clk 0:12:29.7]} 38. Bc4 {[%clk 0:11:00.3]} 38... Bb4 {[%clk 0:12:26.7]} 39. Kg2 {[%clk 0:10:54.1]} 39... Bc5 {[%clk 0:12:32.5]} 40. Rc7 {[%clk 0:10:18.3]} 40... h5 {[%clk 0:12:35.8]} 41. a5 {[%clk 0:10:17.8]} 41... Bd6 {[%clk 0:11:26.7]} 42. axb6 {[%clk 0:09:14.5]} 42... Bxc7 {[%clk 0:11:17.9]} 43. bxc7 {[%clk 0:09:22.1]} 43... Rc6 {[%clk 0:11:27.6]} 44. Ba6 {[%clk 0:09:06.3]} 44... Rxc7 {[%clk 0:11:33.2]} 45. b4 {[%clk 0:09:12.6]} 45... Rc2+ {[%clk 0:11:13.7]} 46. Kf3 {[%clk 0:09:13]} 46... Rb2 {[%clk 0:11:20]} 47. b5 {[%clk 0:09:19.3]} 47... f6 {[%clk 0:11:24.7]} 48. g4 {[%clk 0:08:43.1]} 48... h4 {[%clk 0:11:20.5]} 49. f5 {[%clk 0:08:25.7]} 49... g5 {[%clk 0:11:23.5]} 50. Ke4 {[%clk 0:08:30.2]} 50... Kf8 {[%clk 0:11:31.3]} 51. Kd5 {[%clk 0:08:32.7]} 51... Rb3 {[%clk 0:11:35.5]} 52. Ke6 {[%clk 0:08:33.4]} 52... Kg7 {[%clk 0:11:32.7]} 53. Kd6 {[%clk 0:08:38.1]} 53... Rxh3 {[%clk 0:11:40]} 54. b6 {[%clk 0:08:45.2]} 54... Rb3 {[%clk 0:11:47.3]} 55. Kc7 {[%clk 0:08:43.3]} 55... h3 {[%clk 0:11:55.9]} 56. b7 {[%clk 0:08:43.9]} 56... h2 {[%clk 0:12:00.5]} 57. Bc4 {[%clk 0:08:39.9]} 57... Rxb7+ {[%clk 0:11:57]} 58. Kxb7 {[%clk 0:08:41.6]} 58... h1=Q+ {[%clk 0:12:05.7]} 59. Kb6 {[%clk 0:08:37.4]} 59... Qg1+ {[%clk 0:12:05.1]} 0-1,900+10,True,8/6k1/1K3p2/5Pp1/2B3P1/8/8/6q1 w - -,rapid,willlt001 won by resignation,0-1,D02,Queens-Pawn-Opening-Krause-Variation-3.e3-Nf6-4.c4-cxd4-5.exd4,16:47:33,17:17:26,white,black,willlt001,amcain9,win,loss,resignation,Queens-Pawn
9,https://www.chess.com/game/live/108584392269,2024-05-04,1. e4 {[%clk 0:15:10]} 1... d5 {[%clk 0:15:08.5]} 2. exd5 {[%clk 0:15:16.7]} 2... Nf6 {[%clk 0:15:17]} 3. c4 {[%clk 0:15:17.7]} 3... c6 {[%clk 0:15:25.4]} 4. dxc6 {[%clk 0:15:10]} 4... Nxc6 {[%clk 0:15:33.5]} 5. Nf3 {[%clk 0:15:15.4]} 5... e5 {[%clk 0:15:42.2]} 6. d3 {[%clk 0:15:13.6]} 6... e4 {[%clk 0:15:50.5]} 7. dxe4 {[%clk 0:15:14.1]} 7... Qxd1+ {[%clk 0:15:58.7]} 8. Kxd1 {[%clk 0:15:21.4]} 8... Nxe4 {[%clk 0:16:07.5]} 9. Be3 {[%clk 0:15:15.7]} 9... Bf5 {[%clk 0:15:26.3]} 10. Ke1 {[%clk 0:14:55.2]} 10... Bb4+ {[%clk 0:15:31.4]} 11. Nbd2 {[%clk 0:14:55.2]} 11... O-O-O {[%clk 0:15:34.7]} 12. a3 {[%clk 0:14:57.1]} 12... Bxd2+ {[%clk 0:15:15.9]} 13. Nxd2 {[%clk 0:15:02.6]} 13... Nxd2 {[%clk 0:15:23.1]} 14. Bxd2 {[%clk 0:15:10.7]} 14... Rhe8+ {[%clk 0:15:28.6]} 15. Kd1 {[%clk 0:14:52.5]} 15... Nd4 {[%clk 0:15:34.8]} 16. Rc1 {[%clk 0:14:40.1]} 16... Nb3 {[%clk 0:15:37.4]} 0-1,900+10,True,2krr3/pp3ppp/8/5b2/2P5/Pn6/1P1B1PPP/2RK1B1R w - -,rapid,Hantn2019 won by resignation,0-1,B01,Scandinavian-Defense-Modern-Scandinavian-Gambit,17:54:36,17:59:56,black,white,willlt001,Hantn2019,loss,win,resignation,Scandinavian-Defense
10,https://www.chess.com/game/live/108584505737,2024-05-04,1. e4 {[%clk 0:15:09.4]} 1... c6 {[%clk 0:15:07.1]} 2. Nf3 {[%clk 0:15:05.2]} 2... d5 {[%clk 0:15:07.7]} 3. Nc3 {[%clk 0:15:11.4]} 3... dxe4 {[%clk 0:15:15.9]} 4. Nxe4 {[%clk 0:15:18.4]} 4... Nf6 {[%clk 0:15:24.6]} 5. Nxf6+ {[%clk 0:15:19.4]} 5... gxf6 {[%clk 0:15:33.2]} 6. Be2 {[%clk 0:15:05]} 6... Rg8 {[%clk 0:15:41.6]} 7. g3 {[%clk 0:15:06]} 7... Bh3 {[%clk 0:15:37.2]} 8. d4 {[%clk 0:15:10.3]} 8... e6 {[%clk 0:15:43.4]} 9. Be3 {[%clk 0:15:06.8]} 9... Bd6 {[%clk 0:15:47.2]} 10. Qd3 {[%clk 0:15:04.3]} 10... Nd7 {[%clk 0:15:43.8]} 11. Qxh7 {[%clk 0:15:08.6]} 1-0,900+10,True,r2qk1r1/pp1n1p1Q/2pbpp2/8/3P4/4BNPb/PPP1BP1P/R3K2R b KQq -,rapid,Clicuscacs won by resignation,1-0,B10,Caro-Kann-Defense-Two-Knights-Attack...4.Nxe4-Nf6-5.Nxf6-gxf6,18:00:34,18:03:44,white,black,willlt001,Clicuscacs,loss,win,resignation,Caro-Kann
11,https://www.chess.com/game/live/108584990859,2024-05-04,1. e4 {[%clk 0:15:10]} 1... c6 {[%clk 0:15:09.9]} 2. d4 {[%clk 0:15:18.1]} 2... d5 {[%clk 0:15:16.7]} 3. e5 {[%clk 0:15:27.2]} 3... c5 {[%clk 0:15:17.6]} 4. c3 {[%clk 0:15:35.3]} 4... Nc6 {[%clk 0:15:24]} 5. Nf3 {[%clk 0:15:27.3]} 5... cxd4 {[%clk 0:15:30.2]} 6. cxd4 {[%clk 0:15:35.6]} 6... Bg4 {[%clk 0:15:38.6]} 7. Be3 {[%clk 0:15:35.7]} 7... e6 {[%clk 0:15:23.6]} 8. h3 {[%clk 0:15:40.5]} 8... Bxf3 {[%clk 0:15:23.6]} 9. Qxf3 {[%clk 0:15:48.9]} 9... Qb6 {[%clk 0:15:31.6]} 10. Qe2 {[%clk 0:15:08.6]} 10... Nxd4 {[%clk 0:13:31.1]} 11. Bxd4 {[%clk 0:15:17.5]} 11... Qxd4 {[%clk 0:13:37.7]} 12. Qb5+ {[%clk 0:15:26]} 12... Kd8 {[%clk 0:13:41.5]} 13. Qxb7 {[%clk 0:15:19.3]} 13... Qxe5+ {[%clk 0:13:49.3]} 14. Be2 {[%clk 0:15:10.4]} 14... Qb8 {[%clk 0:13:50]} 15. Qxf7 {[%clk 0:14:50.2]} 15... Qb4+ {[%clk 0:13:32.6]} 16. Nd2 {[%clk 0:14:26.4]} 16... Qe7 {[%clk 0:13:40.6]} 17. Qxe7+ {[%clk 0:13:55.6]} 17... Bxe7 {[%clk 0:13:47.5]} 18. O-O {[%clk 0:14:05.5]} 18... Nf6 {[%clk 0:13:55.1]} 19. Rac1 {[%clk 0:13:33.7]} 19... Kd7 {[%clk 0:14:03.2]} 20. Bb5+ {[%clk 0:13:37.1]} 20... Kd6 {[%clk 0:14:09.1]} 21. Rc6+ {[%clk 0:13:29.2]} 1-0,900+10,True,r6r/p3b1pp/2Rkpn2/1B1p4/8/7P/PP1N1PP1/5RK1 b - -,rapid,michaelmishukov won - game abandoned,1-0,B12,Caro-Kann-Defense-Advance-Botvinnik-Carls-Defense-4.c3-Nc6-5.Nf3,18:04:35,18:16:28,white,black,willlt001,michaelmishukov,loss,win,abandoned,Caro-Kann
12,https://www.chess.com/game/live/108599371721,2024-05-04,1. e4 {[%clk 0:15:08.4]} 1... c5 {[%clk 0:15:07.3]} 2. c3 {[%clk 0:14:58]} 2... e6 {[%clk 0:15:15]} 3. d4 {[%clk 0:15:04.4]} 3... d5 {[%clk 0:15:24.1]} 4. e5 {[%clk 0:15:07.3]} 4... Nc6 {[%clk 0:15:28.2]} 5. Nf3 {[%clk 0:15:14.1]} 5... cxd4 {[%clk 0:15:27]} 6. cxd4 {[%clk 0:15:20.4]} 6... Nge7 {[%clk 0:15:32.6]} 7. a3 {[%clk 0:15:12.1]} 7... a5 {[%clk 0:15:32.7]} 8. Bb5 {[%clk 0:14:30.9]} 8... Qb6 {[%clk 0:15:33.9]} 9. Nc3 {[%clk 0:14:35.3]} 9... Bd7 {[%clk 0:15:28.6]} 10. Be3 {[%clk 0:14:29.4]} 10... Nf5 {[%clk 0:15:29.8]} 11. O-O {[%clk 0:14:28.9]} 11... Be7 {[%clk 0:15:25.3]} 12. Qd3 {[%clk 0:14:27.4]} 12... h6 {[%clk 0:14:07.5]} 13. Rac1 {[%clk 0:14:13.4]} 13... O-O {[%clk 0:13:22.7]} 14. Na4 {[%clk 0:14:02]} 14... Qd8 {[%clk 0:13:29.2]} 15. Nc5 {[%clk 0:13:58.1]} 15... Bxc5 {[%clk 0:13:17.1]} 16. Rxc5 {[%clk 0:14:00.3]} 16... f6 {[%clk 0:13:02.1]} 17. exf6 {[%clk 0:13:50.8]} 17... Qxf6 {[%clk 0:13:08.2]} 18. Rfc1 {[%clk 0:13:50.9]} 18... Rac8 {[%clk 0:12:15.3]} 19. a4 {[%clk 0:13:50.4]} 19... b6 {[%clk 0:12:21.7]} 20. R5c3 {[%clk 0:13:33.6]} 20... Nfe7 {[%clk 0:11:19]} 21. Ne5 {[%clk 0:13:11]} 21... Nb4 {[%clk 0:11:13.7]} 22. Nxd7 {[%clk 0:12:59.4]} 22... Qxf2+ {[%clk 0:10:13.7]} 23. Bxf2 {[%clk 0:13:03.8]} 23... Nxd3 {[%clk 0:10:21.8]} 24. Rxc8 {[%clk 0:12:42.2]} 24... Rxc8 {[%clk 0:10:24.1]} 25. Rxc8+ {[%clk 0:12:46]} 25... Nxc8 {[%clk 0:10:33.8]} 26. Bxd3 {[%clk 0:12:45]} 1-0,900+10,True,2n3k1/3N2p1/1p2p2p/p2p4/P2P4/3B4/1P3BPP/6K1 b - -,rapid,willlt001 won by resignation,1-0,C02,French-Defense-Advance-Paulsen-Attack-5...cxd4-6.cxd4-Nge7,22:03:54,22:19:19,black,white,willlt001,ScottJoel,win,loss,resignation,French-Defense
13,https://www.chess.com/game/live/108600058359,2024-05-04,1. e4 {[%clk 0:15:09.1]} 1... d6 {[%clk 0:15:07.4]} 2. d4 {[%clk 0:15:15.7]} 2... Nf6 {[%clk 0:15:14.5]} 3. Nc3 {[%clk 0:15:24.3]} 3... g6 {[%clk 0:15:22.1]} 4. Nf3 {[%clk 0:15:33.1]} 4... Bg7 {[%clk 0:15:30.7]} 5. Be2 {[%clk 0:15:40.6]} 5... O-O {[%clk 0:15:39.6]} 6. Be3 {[%clk 0:15:46.3]} 6... Nbd7 {[%clk 0:14:33.9]} 7. O-O {[%clk 0:15:44.1]} 7... c5 {[%clk 0:14:42.6]} 8. b3 {[%clk 0:14:24.2]} 8... cxd4 {[%clk 0:13:03.5]} 9. Nxd4 {[%clk 0:14:10.8]} 9... Ne5 {[%clk 0:12:05.4]} 10. h3 {[%clk 0:13:50]} 10... Be6 {[%clk 0:10:16.3]} 11. a4 {[%clk 0:13:20.9]} 11... a6 {[%clk 0:10:21.4]} 12. Qd2 {[%clk 0:13:05.1]} 12... d5 {[%clk 0:10:06.3]} 13. Nxe6 {[%clk 0:12:36.3]} 13... fxe6 {[%clk 0:10:13.4]} 14. Bf4 {[%clk 0:12:32]} 14... Nxe4 {[%clk 0:09:06.5]} 15. Nxe4 {[%clk 0:12:29]} 15... dxe4 {[%clk 0:09:03.2]} 16. Rad1 {[%clk 0:12:21.4]} 16... Qxd2 {[%clk 0:09:07.6]} 17. Rxd2 {[%clk 0:12:26.2]} 17... Rxf4 {[%clk 0:09:16.6]} 0-1,900+10,True,r5k1/1p2p1bp/p3p1p1/4n3/P3pr2/1P5P/2PRBPP1/5RK1 w - -,rapid,Ratobe won by resignation,0-1,B08,Pirc-Defense-Classical-Quiet-System-5...O-O-6.Be3,22:20:10,22:34:38,black,white,willlt001,Ratobe,loss,win,resignation,Pirc-Defense
14,https://www.chess.com/game/live/108601183487,2024-05-04,1. e4 {[%clk 0:09:59.9]} 1... c6 {[%clk 0:09:59.1]} 2. d4 {[%clk 0:09:57.8]} 2... d5 {[%clk 0:09:58.4]} 3. Nc3 {[%clk 0:09:55.8]} 3... dxe4 {[%clk 0:09:57.4]} 4. Nxe4 {[%clk 0:09:54.3]} 4... Nf6 {[%clk 0:09:56]} 5. Ng3 {[%clk 0:09:43.9]} 5... Bg4 {[%clk 0:09:46.6]} 6. Be2 {[%clk 0:09:38.1]} 6... Bxe2 {[%clk 0:09:25.5]} 7. N1xe2 {[%clk 0:09:34.8]} 7... e6 {[%clk 0:09:14.9]} 8. O-O {[%clk 0:09:32.5]} 8... Be7 {[%clk 0:09:11.7]} 9. Be3 {[%clk 0:09:27.2]} 9... O-O {[%clk 0:09:08.5]} 10. c3 {[%clk 0:09:25.5]} 10... Nbd7 {[%clk 0:08:55]} 11. Qd3 {[%clk 0:09:20.1]} 11... Re8 {[%clk 0:08:52.5]} 12. Ne4 {[%clk 0:09:17.6]} 12... Nf8 {[%clk 0:08:45.6]} 13. Bg5 {[%clk 0:09:10.5]} 13... Ng6 {[%clk 0:08:37.4]} 14. Bxf6 {[%clk 0:09:08.6]} 14... Bxf6 {[%clk 0:08:35.2]} 15. N2g3 {[%clk 0:08:59]} 15... e5 {[%clk 0:08:28.2]} 16. Nxf6+ {[%clk 0:08:53.8]} 16... gxf6 {[%clk 0:08:23.2]} 17. Ne4 {[%clk 0:08:45.6]} 17... f5 {[%clk 0:08:06]} 18. Ng3 {[%clk 0:08:34.4]} 18... Qd7 {[%clk 0:07:58.8]} 19. Qxf5 {[%clk 0:08:24.7]} 19... Qxf5 {[%clk 0:07:52.4]} 20. Nxf5 {[%clk 0:08:22.7]} 20... exd4 {[%clk 0:07:49.6]} 21. Nxd4 {[%clk 0:08:21.2]} 21... c5 {[%clk 0:07:43.2]} 22. Nb5 {[%clk 0:08:19.8]} 22... Re2 {[%clk 0:07:38.2]} 23. Rab1 {[%clk 0:08:10.5]} 23... a6 {[%clk 0:07:32.7]} 24. Nc7 {[%clk 0:08:07.1]} 24... Rd8 {[%clk 0:07:22.9]} 25. Rfe1 {[%clk 0:08:00.6]} 25... Rdd2 {[%clk 0:07:13.4]} 26. Rxe2 {[%clk 0:07:56.4]} 26... Rxe2 {[%clk 0:07:11.8]} 27. Nd5 {[%clk 0:07:52.4]} 27... Ne5 {[%clk 0:07:07.6]} 28. Ne7+ {[%clk 0:07:17]} 28... Kf8 {[%clk 0:06:57.3]} 29. Nf5 {[%clk 0:07:09.9]} 29... Nd3 {[%clk 0:06:49.6]} 30. Nd6 {[%clk 0:06:38.3]} 30... b5 {[%clk 0:06:34.1]} 31. Nb7 {[%clk 0:05:59.4]} 31... c4 {[%clk 0:06:25]} 32. Nd6 {[%clk 0:05:50.2]} 32... Rxf2 {[%clk 0:06:21.3]} 33. Rf1 {[%clk 0:05:13.9]} 33... Rxf1+ {[%clk 0:06:12.1]} 34. Kxf1 {[%clk 0:05:12.2]} 34... Nxb2 {[%clk 0:06:10]} 35. Ke2 {[%clk 0:05:05]} 35... Nd3 {[%clk 0:05:59.6]} 36. Ke3 {[%clk 0:04:50.1]} 36... a5 {[%clk 0:05:56.5]} 37. Nxb5 {[%clk 0:04:46.1]} 37... a4 {[%clk 0:05:50.4]} 38. Nd6 {[%clk 0:04:42.9]} 38... Nb2 {[%clk 0:05:45.8]} 39. Kd4 {[%clk 0:04:36.4]} 39... Ke7 {[%clk 0:05:13.5]} 40. Nxc4 {[%clk 0:04:34.1]} 40... Nxc4 {[%clk 0:05:04.9]} 41. Kxc4 {[%clk 0:04:32.8]} 41... f5 {[%clk 0:05:01.5]} 42. a3 {[%clk 0:04:30.3]} 42... h5 {[%clk 0:04:58.2]} 43. Kb4 {[%clk 0:04:29.8]} 43... h4 {[%clk 0:04:54.2]} 44. Kxa4 {[%clk 0:04:29.2]} 44... f4 {[%clk 0:04:51.2]} 45. Kb5 {[%clk 0:04:28.3]} 45... h3 {[%clk 0:04:47.2]} 46. gxh3 {[%clk 0:04:19.4]} 46... f3 {[%clk 0:04:45.9]} 47. a4 {[%clk 0:04:19.3]} 47... f2 {[%clk 0:04:44.9]} 48. a5 {[%clk 0:04:18.5]} 48... f1=Q+ {[%clk 0:04:44]} 49. Kb6 {[%clk 0:04:17.5]} 49... Qxh3 {[%clk 0:04:35.2]} 50. a6 {[%clk 0:04:15.3]} 50... Qe6+ {[%clk 0:04:33.8]} 51. Kb7 {[%clk 0:04:13.5]} 51... Qd7+ {[%clk 0:04:29.6]} 52. Kb8 {[%clk 0:04:11.3]} 52... Qb5+ {[%clk 0:04:22.7]} 53. Ka7 {[%clk 0:04:09.1]} 53... Kd7 {[%clk 0:04:19.6]} 54. h4 {[%clk 0:04:06.8]} 54... Kc8 {[%clk 0:04:17.7]} 55. h5 {[%clk 0:04:04.4]} 55... Qb8# {[%clk 0:04:17]} 0-1,600,True,1qk5/K7/P7/7P/8/2P5/8/8 w - -,rapid,willlt001 won by checkmate,0-1,B15,Caro-Kann-Defense-Main-Line-4...Nf6-5.Ng3,22:34:52,22:46:53,white,black,willlt001,maurison,win,loss,checkmate,Caro-Kann
15,https://www.chess.com/game/live/108602964141,2024-05-04,1. e4 {[%clk 0:10:00]} 1... c6 {[%clk 0:09:59.9]} 2. d4 {[%clk 0:09:58.7]} 2... d5 {[%clk 0:09:59.1]} 3. exd5 {[%clk 0:09:58.2]} 3... cxd5 {[%clk 0:09:58.1]} 4. Bd3 {[%clk 0:09:57.7]} 4... Nf6 {[%clk 0:09:55.5]} 5. Nf3 {[%clk 0:09:55.9]} 5... Bg4 {[%clk 0:09:54]} 6. h3 {[%clk 0:09:55.2]} 6... Bxf3 {[%clk 0:09:52]} 7. Qxf3 {[%clk 0:09:54.4]} 7... Nc6 {[%clk 0:09:50.8]} 8. c3 {[%clk 0:09:53.5]} 8... e6 {[%clk 0:09:49.7]} 9. O-O {[%clk 0:09:52.3]} 9... Be7 {[%clk 0:09:48.3]} 10. Re1 {[%clk 0:09:48.1]} 10... O-O {[%clk 0:09:38.8]} 11. Nd2 {[%clk 0:09:46.8]} 11... a6 {[%clk 0:09:33.4]} 12. Nf1 {[%clk 0:09:45.9]} 12... b5 {[%clk 0:09:27.5]} 13. g3 {[%clk 0:09:43.2]} 13... Bd6 {[%clk 0:09:02.1]} 14. Ne3 {[%clk 0:09:43.1]} 14... Qc7 {[%clk 0:08:41.9]} 15. Ng4 {[%clk 0:09:38.8]} 15... Nxg4 {[%clk 0:08:34.1]} 16. Qxg4 {[%clk 0:09:33.1]} 16... e5 {[%clk 0:08:21.8]} 17. Bh6 {[%clk 0:09:29]} 17... g6 {[%clk 0:07:50.4]} 18. Qf3 {[%clk 0:09:08.1]} 18... Rfe8 {[%clk 0:07:40.7]} 19. Qf6 {[%clk 0:09:06.5]} 19... Bf8 {[%clk 0:07:39]} 20. Bxf8 {[%clk 0:08:58.2]} 20... Rxf8 {[%clk 0:07:35.9]} 21. dxe5 {[%clk 0:08:56.5]} 21... Rae8 {[%clk 0:07:22]} 22. Rad1 {[%clk 0:08:49]} 22... Nxe5 {[%clk 0:07:07.7]} 23. Bf1 {[%clk 0:08:05.3]} 23... Re6 {[%clk 0:06:49.8]} 24. Qf4 {[%clk 0:07:50.8]} 24... Kg7 {[%clk 0:06:40.6]} 25. Bg2 {[%clk 0:07:36.6]} 25... Rfe8 {[%clk 0:06:24.7]} 26. Kf1 {[%clk 0:07:33.7]} 26... Nd3 {[%clk 0:06:12.1]} 27. Rxe6 {[%clk 0:07:11.5]} 27... Nxf4 {[%clk 0:05:54]} 28. Rxe8 {[%clk 0:07:08.1]} 28... Nxg2 {[%clk 0:05:44.7]} 29. Kxg2 {[%clk 0:07:06.9]} 29... Qc4 {[%clk 0:05:36.5]} 30. Rd8 {[%clk 0:06:51.9]} 30... Qxa2 {[%clk 0:05:26.3]} 31. R8xd5 {[%clk 0:06:50.5]} 31... Qxb2 {[%clk 0:05:23]} 32. R1d2 {[%clk 0:06:50.1]} 32... Qxc3 {[%clk 0:05:19.6]} 33. Rd6 {[%clk 0:06:46]} 33... a5 {[%clk 0:05:14]} 34. R2d3 {[%clk 0:06:34.5]} 34... Qa1 {[%clk 0:04:53]} 35. R6d5 {[%clk 0:06:30.8]} 35... Qa4 {[%clk 0:04:44.3]} 36. R3d4 {[%clk 0:06:27.2]} 36... b4 {[%clk 0:04:43]} 37. h4 {[%clk 0:06:22.5]} 37... Qa3 {[%clk 0:04:40.9]} 38. Rd3 {[%clk 0:06:20.1]} 38... b3 {[%clk 0:04:39]} 39. Rb5 {[%clk 0:06:10.8]} 39... a4 {[%clk 0:04:37.2]} 40. Rb7 {[%clk 0:05:58]} 40... Qa2 {[%clk 0:04:27]} 41. Rdd7 {[%clk 0:05:45.3]} 41... b2 {[%clk 0:04:25.9]} 42. Rd1 {[%clk 0:05:36.3]} 42... a3 {[%clk 0:04:19]} 43. Rb8 {[%clk 0:05:24.4]} 43... Qa1 {[%clk 0:04:05.3]} 44. Rdd8 {[%clk 0:05:11.1]} 44... b1=Q {[%clk 0:03:57.3]} 45. Rg8+ {[%clk 0:05:08.8]} 45... Kh6 {[%clk 0:03:55.1]} 0-1,600,True,1R4R1/5p1p/6pk/8/7P/p5P1/5PK1/qq6 w - -,rapid,willlt001 won - game abandoned,0-1,A46,Indian-Game-Spielmann-Indian-Variation-3.e3-cxd4-4.exd4-d5-5.Bd3,23:03:29,23:15:11,white,black,willlt001,Sarath_0899,win,loss,abandoned,Indian-Game
16,https://www.chess.com/game/live/108662370029,2024-05-05,1. d4 {[%clk 0:15:10]} 1... g6 {[%clk 0:15:09.4]} 2. Nc3 {[%clk 0:15:18.1]} 2... Bg7 {[%clk 0:15:17.7]} 3. Bf4 {[%clk 0:15:26.6]} 3... Nf6 {[%clk 0:15:25.9]} 4. e4 {[%clk 0:15:35.4]} 4... d6 {[%clk 0:15:24.1]} 5. e5 {[%clk 0:15:44.6]} 5... Nh5 {[%clk 0:15:29.7]} 6. Bg5 {[%clk 0:15:44.8]} 6... dxe5 {[%clk 0:15:22.1]} 7. dxe5 {[%clk 0:15:49.9]} 7... Qxd1+ {[%clk 0:15:24.9]} 8. Rxd1 {[%clk 0:15:58.6]} 8... Bxe5 {[%clk 0:15:15.9]} 9. Nf3 {[%clk 0:15:48.7]} 9... Bg7 {[%clk 0:15:22.2]} 10. Nd5 {[%clk 0:15:51.9]} 10... O-O {[%clk 0:15:00.4]} 11. Nxc7 {[%clk 0:15:59.5]} 1-0,900+10,True,rnb2rk1/ppN1ppbp/6p1/6Bn/8/5N2/PPP2PPP/3RKB1R b K -,rapid,debugssy won by resignation,1-0,B07,Pirc-Defense-Main-Line-4.Bf4-Bg7,15:33:27,15:36:35,white,black,willlt001,debugssy,loss,win,resignation,Pirc-Defense
17,https://www.chess.com/game/live/108662431679,2024-05-05,1. e4 {[%clk 0:15:10]} 1... e6 {[%clk 0:15:03.3]} 2. d4 {[%clk 0:15:18.4]} 2... d5 {[%clk 0:15:12.2]} 3. e5 {[%clk 0:15:26.3]} 3... c5 {[%clk 0:15:20.8]} 4. c3 {[%clk 0:15:34.8]} 4... Nc6 {[%clk 0:15:29.2]} 5. Nf3 {[%clk 0:15:42.7]} 5... Bd7 {[%clk 0:15:18.4]} 6. a3 {[%clk 0:15:39.2]} 6... cxd4 {[%clk 0:15:24.6]} 7. cxd4 {[%clk 0:15:47.4]} 7... Nge7 {[%clk 0:15:28]} 8. Nc3 {[%clk 0:15:46.5]} 8... Qb6 {[%clk 0:15:16.1]} 9. Be2 {[%clk 0:15:48]} 9... Nf5 {[%clk 0:15:22.4]} 10. Na4 {[%clk 0:15:54.8]} 10... Qc7 {[%clk 0:15:05.9]} 11. O-O {[%clk 0:15:46.8]} 11... a6 {[%clk 0:13:58.9]} 12. Nc5 {[%clk 0:15:42.7]} 12... Bxc5 {[%clk 0:13:55]} 13. dxc5 {[%clk 0:15:47.6]} 13... Nxe5 {[%clk 0:13:02.2]} 14. Nxe5 {[%clk 0:15:29.5]} 14... Qxe5 {[%clk 0:13:09.1]} 15. Qc2 {[%clk 0:15:24.2]} 15... O-O {[%clk 0:12:46.8]} 16. Re1 {[%clk 0:15:26.2]} 16... Qc7 {[%clk 0:12:51.8]} 17. Bd2 {[%clk 0:15:27.4]} 17... Nd4 {[%clk 0:12:49]} 18. Qc3 {[%clk 0:15:21.2]} 18... Nxe2+ {[%clk 0:12:16.7]} 19. Rxe2 {[%clk 0:15:31.1]} 19... Bb5 {[%clk 0:11:56.2]} 20. Re3 {[%clk 0:15:26]} 20... Rac8 {[%clk 0:11:58.7]} 21. Rg3 {[%clk 0:15:31.2]} 21... f6 {[%clk 0:11:25]} 22. Bh6 {[%clk 0:15:21.3]} 22... Rf7 {[%clk 0:11:33.6]} 23. Re1 {[%clk 0:15:17.2]} 23... Qxc5 {[%clk 0:10:35.2]} 24. Qd2 {[%clk 0:15:07.4]} 24... Qe7 {[%clk 0:09:55.8]} 25. Be3 {[%clk 0:14:29.9]} 25... Bc4 {[%clk 0:09:07]} 26. Rc1 {[%clk 0:14:22]} 26... e5 {[%clk 0:09:02.1]} 27. Bb6 {[%clk 0:13:37]} 27... Rc6 {[%clk 0:08:53.4]} 28. Ba5 {[%clk 0:13:34]} 28... Bb5 {[%clk 0:08:05]} 29. Rd1 {[%clk 0:13:25.4]} 29... Ba4 {[%clk 0:07:55.6]} 30. b3 {[%clk 0:13:11.8]} 30... Bxb3 {[%clk 0:07:59.3]} 31. Rxb3 {[%clk 0:13:20.1]} 31... d4 {[%clk 0:07:09.9]} 32. Bb4 {[%clk 0:13:09.5]} 32... Qc7 {[%clk 0:07:10.2]} 33. Rbb1 {[%clk 0:12:21.3]} 33... a5 {[%clk 0:07:16.7]} 34. Bxa5 {[%clk 0:12:23.2]} 1-0,900+10,True,6k1/1pq2rpp/2r2p2/B3p3/3p4/P7/3Q1PPP/1R1R2K1 b - -,rapid,willlt001 won by resignation,1-0,C02,French-Defense-Advance-Paulsen-Euwe-Variation-6.a3,15:36:39,15:58:36,black,white,willlt001,IvicaJozeff,win,loss,resignation,French-Defense
18,https://www.chess.com/game/live/108681027933,2024-05-05,1. e4 {[%clk 0:09:58.5]} 1... e5 {[%clk 0:09:57]} 2. Nf3 {[%clk 0:09:54.8]} 2... d6 {[%clk 0:09:55.6]} 3. d4 {[%clk 0:09:52.5]} 3... Bg4 {[%clk 0:09:52.8]} 4. Be2 {[%clk 0:09:42.7]} 4... Bxf3 {[%clk 0:09:42.1]} 5. Bxf3 {[%clk 0:09:40.8]} 5... Be7 {[%clk 0:09:39.9]} 6. Be3 {[%clk 0:09:29.5]} 6... Nf6 {[%clk 0:09:37.1]} 7. c3 {[%clk 0:09:20.7]} 7... O-O {[%clk 0:09:35]} 8. O-O {[%clk 0:09:16.3]} 8... c6 {[%clk 0:09:33.4]} 9. Nd2 {[%clk 0:08:51.4]} 9... Nbd7 {[%clk 0:09:31.1]} 10. Qb3 {[%clk 0:08:39.9]} 10... b6 {[%clk 0:09:26.4]} 11. a4 {[%clk 0:08:30.3]} 11... Rb8 {[%clk 0:09:24.3]} 12. Qc2 {[%clk 0:08:07.6]} 12... c5 {[%clk 0:09:15.8]} 13. d5 {[%clk 0:07:45.6]} 13... Kh8 {[%clk 0:09:02.1]} 14. Nc4 {[%clk 0:07:33.2]} 14... b5 {[%clk 0:08:53.4]} 15. axb5 {[%clk 0:07:26.2]} 15... Rxb5 {[%clk 0:08:50.8]} 16. Rxa7 {[%clk 0:07:22.7]} 16... Nb6 {[%clk 0:08:44.3]} 17. Nxb6 {[%clk 0:06:49.7]} 17... Qxb6 {[%clk 0:08:41.8]} 18. Ra2 {[%clk 0:06:39.1]} 18... h6 {[%clk 0:08:34.2]} 19. Rfa1 {[%clk 0:06:34]} 19... Nh7 {[%clk 0:08:18.4]} 20. Be2 {[%clk 0:06:22.5]} 20... Bg5 {[%clk 0:08:05.1]} 21. Bxg5 {[%clk 0:06:18.6]} 21... Nxg5 {[%clk 0:08:02.8]} 22. Bxb5 {[%clk 0:06:07.8]} 22... Qxb5 {[%clk 0:08:00.5]} 23. c4 {[%clk 0:05:59.9]} 23... Qd7 {[%clk 0:07:55.3]} 24. Ra7 {[%clk 0:05:51.6]} 24... Qg4 {[%clk 0:07:51.3]} 25. Re1 {[%clk 0:05:30.9]} 25... Nh3+ {[%clk 0:07:44.7]} 26. Kh1 {[%clk 0:05:17.9]} 26... Nf4 {[%clk 0:07:41.2]} 27. f3 {[%clk 0:05:03.4]} 27... Qg5 {[%clk 0:07:33.8]} 28. Qd2 {[%clk 0:03:35.1]} 28... h5 {[%clk 0:07:28]} 29. g3 {[%clk 0:03:29.6]} 29... h4 {[%clk 0:07:14.3]} 30. gxf4 {[%clk 0:03:19.1]} 30... exf4 {[%clk 0:07:11.9]} 31. Rg1 {[%clk 0:03:12.5]} 31... Qh5 {[%clk 0:07:09.2]} 32. Qxf4 {[%clk 0:03:05.6]} 32... g6 {[%clk 0:07:06.9]} 33. Rg4 {[%clk 0:02:57.7]} 33... f5 {[%clk 0:06:52.6]} 34. Rxh4 {[%clk 0:02:54.7]} 1-0,600,True,5r1k/R7/3p2p1/2pP1p1q/2P1PQ1R/5P2/1P5P/7K b - -,rapid,willlt001 won by resignation,1-0,C41,Philidor-Defense-3.d4-Bg4,20:47:01,20:57:35,black,white,willlt001,brunobsz,win,loss,resignation,Philidor-Defense
19,https://www.chess.com/game/live/108732663037,2024-05-06,1. e4 {[%clk 0:09:54.1]} 1... c6 {[%clk 0:09:57.2]} 2. d4 {[%clk 0:09:50.4]} 2... d5 {[%clk 0:09:54.4]} 3. f3 {[%clk 0:09:49.1]} 3... Bd7 {[%clk 0:09:46]} 4. e5 {[%clk 0:09:41.8]} 4... e6 {[%clk 0:09:40.5]} 5. f4 {[%clk 0:09:37.4]} 5... Nh6 {[%clk 0:09:36.9]} 6. Nf3 {[%clk 0:09:29]} 6... Be7 {[%clk 0:09:34.3]} 7. Be3 {[%clk 0:09:18.7]} 7... O-O {[%clk 0:09:31.6]} 8. Be2 {[%clk 0:09:15.8]} 8... c5 {[%clk 0:09:14.1]} 9. c3 {[%clk 0:09:10.6]} 9... c4 {[%clk 0:08:47]} 10. Nbd2 {[%clk 0:09:06.3]} 10... a5 {[%clk 0:08:44.1]} 11. O-O {[%clk 0:08:59.5]} 11... b5 {[%clk 0:08:40.4]} 12. Qe1 {[%clk 0:08:51.4]} 12... Nf5 {[%clk 0:08:35.4]} 13. Bf2 {[%clk 0:08:22.1]} 13... b4 {[%clk 0:08:22.6]} 14. Bd1 {[%clk 0:07:51.5]} 14... Na6 {[%clk 0:08:09.6]} 15. Bc2 {[%clk 0:07:46.4]} 15... Nh6 {[%clk 0:08:04.9]} 16. Be3 {[%clk 0:07:40.1]} 16... a4 {[%clk 0:08:00.9]} 17. Qg3 {[%clk 0:06:58.9]} 17... b3 {[%clk 0:07:47.7]} 18. axb3 {[%clk 0:06:57.1]} 18... axb3 {[%clk 0:07:45.8]} 19. Bb1 {[%clk 0:06:56.1]} 19... Nf5 {[%clk 0:07:33.8]} 20. Bxf5 {[%clk 0:06:50.9]} 20... exf5 {[%clk 0:07:32.7]} 21. Bf2 {[%clk 0:06:05.9]} 21... f6 {[%clk 0:07:29.6]} 22. Rfe1 {[%clk 0:05:39.4]} 22... fxe5 {[%clk 0:07:23]} 23. dxe5 {[%clk 0:05:24.4]} 23... Be6 {[%clk 0:07:05.1]} 24. Nd4 {[%clk 0:05:20.5]} 24... Nc7 {[%clk 0:06:49]} 25. Nf1 {[%clk 0:05:05.9]} 25... Rxa1 {[%clk 0:06:30.7]} 26. Rxa1 {[%clk 0:05:05.8]} 26... Rf7 {[%clk 0:06:16.8]} 27. Ne3 {[%clk 0:05:01]} 27... g6 {[%clk 0:05:40.2]} 28. Qf3 {[%clk 0:04:38.6]} 28... Rg7 {[%clk 0:05:36.4]} 29. Nxe6 {[%clk 0:04:17.5]} 29... Nxe6 {[%clk 0:05:33.2]} 30. Nxd5 {[%clk 0:04:12.9]} 30... Qd7 {[%clk 0:04:46.6]} 31. Rd1 {[%clk 0:04:03.8]} 31... Qe8 {[%clk 0:04:31.9]} 32. Be3 {[%clk 0:03:47.8]} 32... Qf7 {[%clk 0:04:08.5]} 33. Qe2 {[%clk 0:03:36.5]} 33... Bc5 {[%clk 0:03:46.8]} 34. g3 {[%clk 0:03:16]} 34... Bxe3+ {[%clk 0:03:34.7]} 35. Nxe3 {[%clk 0:03:10.5]} 35... Qc7 {[%clk 0:03:27.8]} 36. Qxc4 {[%clk 0:02:57.4]} 36... Qxc4 {[%clk 0:03:14.7]} 37. Nxc4 {[%clk 0:02:55.5]} 37... Nc5 {[%clk 0:03:10.6]} 38. Kf2 {[%clk 0:02:35.7]} 38... Ne4+ {[%clk 0:03:08]} 39. Ke3 {[%clk 0:02:29]} 39... Rc7 {[%clk 0:02:58.4]} 40. Nd6 {[%clk 0:02:20.6]} 40... Ra7 {[%clk 0:02:34.1]} 41. Nxe4 {[%clk 0:02:00.4]} 41... fxe4 {[%clk 0:02:30]} 42. Kxe4 {[%clk 0:01:58.8]} 42... Ra2 {[%clk 0:02:27.5]} 43. Rb1 {[%clk 0:01:52.4]} 43... Kf7 {[%clk 0:02:25.4]} 44. c4 {[%clk 0:01:46.1]} 44... Ke6 {[%clk 0:02:23.7]} 45. c5 {[%clk 0:01:39]} 45... Ra4+ {[%clk 0:02:21.3]} 46. Kd3 {[%clk 0:01:36.3]} 46... Ra5 {[%clk 0:02:17.4]} 47. Rc1 {[%clk 0:01:32.9]} 47... Ra2 {[%clk 0:02:15]} 48. c6 {[%clk 0:01:20.3]} 48... Ra8 {[%clk 0:01:54.5]} 49. c7 {[%clk 0:01:15.8]} 49... Rc8 {[%clk 0:01:53.5]} 50. Rc6+ {[%clk 0:01:08.7]} 50... Kd7 {[%clk 0:01:52.1]} 51. Rc4 {[%clk 0:01:01]} 51... Rxc7 {[%clk 0:01:48.1]} 52. Rxc7+ {[%clk 0:00:59.6]} 52... Kxc7 {[%clk 0:01:46.9]} 53. Kc3 {[%clk 0:00:59]} 53... Kd7 {[%clk 0:01:44.6]} 54. Kxb3 {[%clk 0:00:58.1]} 54... Ke6 {[%clk 0:01:42]} 55. Kc4 {[%clk 0:00:57.3]} 55... Kf5 {[%clk 0:01:37.5]} 56. b4 {[%clk 0:00:56.2]} 56... Ke6 {[%clk 0:01:36]} 57. b5 {[%clk 0:00:55.3]} 57... Kd7 {[%clk 0:01:35]} 58. Kc5 {[%clk 0:00:54.7]} 58... Kc7 {[%clk 0:01:33.7]} 59. e6 {[%clk 0:00:54.1]} 59... Kd8 {[%clk 0:01:30]} 60. Kd6 {[%clk 0:00:53]} 60... Ke8 {[%clk 0:01:28.8]} 61. b6 {[%clk 0:00:52.3]} 61... Kd8 {[%clk 0:01:28]} 62. b7 {[%clk 0:00:51.3]} 62... Ke8 {[%clk 0:01:25]} 63. b8=Q# {[%clk 0:00:50]} 1-0,600,True,1Q2k3/7p/3KP1p1/8/5P2/6P1/7P/8 b - -,rapid,willlt001 won by checkmate,1-0,B12,Caro-Kann-Defense-Fantasy-Variation,11:09:24,11:27:31,black,white,willlt001,IHSANALKTEEB,win,loss,checkmate,Caro-Kann
20,https://www.chess.com/game/live/108733885665,2024-05-06,1. e4 {[%clk 0:09:59.7]} 1... c6 {[%clk 0:09:58.8]} 2. Nf3 {[%clk 0:09:58.2]} 2... d5 {[%clk 0:09:57.6]} 3. Nc3 {[%clk 0:09:57.5]} 3... dxe4 {[%clk 0:09:56.4]} 4. Nxe4 {[%clk 0:09:57.2]} 4... Nf6 {[%clk 0:09:55.3]} 5. Nxf6+ {[%clk 0:09:55.9]} 5... gxf6 {[%clk 0:09:54.2]} 6. Bc4 {[%clk 0:09:55.2]} 6... Rg8 {[%clk 0:09:51]} 7. d3 {[%clk 0:09:51.7]} 7... Rxg2 {[%clk 0:09:45.8]} 8. Ne5 {[%clk 0:09:42.8]} 8... fxe5 {[%clk 0:09:30.5]} 9. Qf3 {[%clk 0:09:41.5]} 9... Rg7 {[%clk 0:09:06.3]} 10. Bh6 {[%clk 0:09:39]} 10... e6 {[%clk 0:08:03.9]} 11. Bxg7 {[%clk 0:09:36.7]} 11... Bxg7 {[%clk 0:08:00.1]} 12. Rg1 {[%clk 0:09:35.1]} 12... Kf8 {[%clk 0:07:20.8]} 13. O-O-O {[%clk 0:09:14.7]} 13... Qf6 {[%clk 0:07:01.2]} 14. Qxf6 {[%clk 0:09:06.5]} 14... Bxf6 {[%clk 0:06:58.9]} 15. Rg3 {[%clk 0:09:05.9]} 15... Bd7 {[%clk 0:06:37.8]} 16. Rdg1 {[%clk 0:09:03.8]} 16... b5 {[%clk 0:06:31.6]} 17. Rg8+ {[%clk 0:09:01]} 17... Ke7 {[%clk 0:06:30.1]} 18. Bb3 {[%clk 0:08:58.7]} 18... a5 {[%clk 0:06:22]} 19. a3 {[%clk 0:08:55.9]} 19... c5 {[%clk 0:06:13.4]} 20. R1g4 {[%clk 0:08:23]} 20... Bc6 {[%clk 0:06:03.9]} 21. Rc8 {[%clk 0:08:11.1]} 21... Kd7 {[%clk 0:05:16.4]} 22. Rgg8 {[%clk 0:08:03.7]} 22... a4 {[%clk 0:04:13.4]} 23. Rxb8 {[%clk 0:07:52.3]} 23... Rxb8 {[%clk 0:04:09.4]} 24. Rxb8 {[%clk 0:07:50.2]} 24... axb3 {[%clk 0:03:30]} 25. cxb3 {[%clk 0:07:46.9]} 25... Bd8 {[%clk 0:03:27.7]} 0-1,600,True,1R1b4/3k1p1p/2b1p3/1pp1p3/8/PP1P4/1P3P1P/2K5 w - -,rapid,willlt001 won by resignation,0-1,B10,Caro-Kann-Defense-Two-Knights-Attack...4.Nxe4-Nf6-5.Nxf6-gxf6,11:30:33,11:39:53,white,black,willlt001,Aryanbh,win,loss,resignation,Caro-Kann
21,https://www.chess.com/game/live/108734954307,2024-05-06,1. e4 {[%clk 0:10:00]} 1... c6 {[%clk 0:10:00]} 2. Nc3 {[%clk 0:09:58.9]} 2... d5 {[%clk 0:09:58.4]} 3. exd5 {[%clk 0:09:58.7]} 3... cxd5 {[%clk 0:09:56.6]} 4. d4 {[%clk 0:09:58.4]} 4... Nf6 {[%clk 0:09:54.5]} 5. Be3 {[%clk 0:09:56.2]} 5... Nc6 {[%clk 0:09:52.6]} 6. h3 {[%clk 0:09:54.6]} 6... Bf5 {[%clk 0:09:50.3]} 7. Bd3 {[%clk 0:09:52.1]} 7... Bxd3 {[%clk 0:09:46.5]} 8. Qxd3 {[%clk 0:09:52]} 8... e6 {[%clk 0:09:44.9]} 9. O-O-O {[%clk 0:09:51.2]} 9... Be7 {[%clk 0:09:36.3]} 10. f4 {[%clk 0:09:46.9]} 10... a6 {[%clk 0:09:13.9]} 11. g4 {[%clk 0:09:45.2]} 11... Bb4 {[%clk 0:08:17.5]} 12. Nf3 {[%clk 0:09:41.7]} 12... Bxc3 {[%clk 0:08:11.4]} 13. bxc3 {[%clk 0:09:38.5]} 13... Ne4 {[%clk 0:08:08.4]} 14. Rhf1 {[%clk 0:09:36.9]} 14... Qa5 {[%clk 0:07:54.1]} 15. Nd2 {[%clk 0:09:24.5]} 15... Nxd2 {[%clk 0:07:27.1]} 16. Kxd2 {[%clk 0:09:23.6]} 16... Qxa2 {[%clk 0:07:18.4]} 17. Ra1 {[%clk 0:09:22.2]} 17... Qc4 {[%clk 0:07:12.6]} 18. Qxc4 {[%clk 0:09:21.5]} 18... dxc4 {[%clk 0:07:10.3]} 19. Rfb1 {[%clk 0:09:20.5]} 19... b5 {[%clk 0:07:06.2]} 20. Rf1 {[%clk 0:09:11.2]} 20... O-O {[%clk 0:06:51.2]} 21. f5 {[%clk 0:09:06.6]} 21... exf5 {[%clk 0:06:43.7]} 22. Rxf5 {[%clk 0:09:05.6]} 22... Rfe8 {[%clk 0:06:10.1]} 23. Raf1 {[%clk 0:08:55.8]} 23... f6 {[%clk 0:05:53.6]} 24. Rc5 {[%clk 0:08:53.6]} 24... Rac8 {[%clk 0:05:35.6]} 25. Ra1 {[%clk 0:08:39.3]} 25... Nb8 {[%clk 0:03:42.9]} 26. Rf5 {[%clk 0:08:31.1]} 26... Kf7 {[%clk 0:03:18.9]} 27. g5 {[%clk 0:08:22.2]} 27... Rc6 {[%clk 0:03:07.2]} 28. Bf4 {[%clk 0:08:15.1]} 28... g6 {[%clk 0:02:37.4]} 29. Rd5 {[%clk 0:08:03]} 29... f5 {[%clk 0:02:15.1]} 30. Bxb8 {[%clk 0:07:57.7]} 30... Rxb8 {[%clk 0:02:14.2]} 31. Rd7+ {[%clk 0:07:56.9]} 31... Kg8 {[%clk 0:02:11.5]} 32. Re1 {[%clk 0:07:53.2]} 32... Rbb6 {[%clk 0:01:11]} 33. Re8# {[%clk 0:07:15.1]} 1-0,600,True,4R1k1/3R3p/prr3p1/1p3pP1/2pP4/2P4P/2PK4/8 b - -,rapid,kobicarr won by checkmate,1-0,B10,Caro-Kann-Defense-2.Nc3-d5,11:42:38,11:54:31,white,black,willlt001,kobicarr,loss,win,checkmate,Caro-Kann
22,https://www.chess.com/game/live/108735613971,2024-05-06,1. e4 {[%clk 0:10:00]} 1... c6 {[%clk 0:09:59.4]} 2. d4 {[%clk 0:09:58.7]} 2... d5 {[%clk 0:09:58.7]} 3. Nc3 {[%clk 0:09:57]} 3... dxe4 {[%clk 0:09:57.6]} 4. Nxe4 {[%clk 0:09:56.9]} 4... Nf6 {[%clk 0:09:56.2]} 5. Nxf6+ {[%clk 0:09:19.9]} 5... gxf6 {[%clk 0:09:54.8]} 6. Nf3 {[%clk 0:09:16.7]} 6... Rg8 {[%clk 0:09:52.6]} 7. Bd3 {[%clk 0:09:09.2]} 7... Rxg2 {[%clk 0:09:00.2]} 8. Bxh7 {[%clk 0:09:00.6]} 8... Bg4 {[%clk 0:08:57]} 9. Be3 {[%clk 0:08:48.3]} 9... Qd5 {[%clk 0:08:49.9]} 10. h3 {[%clk 0:06:11.5]} 10... Bxf3 {[%clk 0:08:44.2]} 11. Qd2 {[%clk 0:06:09.8]} 11... Rg7 {[%clk 0:08:33.9]} 0-1,600,True,rn2kb2/pp2pprB/2p2p2/3q4/3P4/4Bb1P/PPPQ1P2/R3K2R w KQq -,rapid,willlt001 won by resignation,0-1,B16,Caro-Kann-Defense-Bronstein-Larsen-Variation-6.Nf3,11:56:07,12:01:49,white,black,willlt001,Shinichi_007,win,loss,resignation,Caro-Kann
23,https://www.chess.com/game/live/108735719333,2024-05-06,1. e4 {[%clk 0:10:00]} 1... e6 {[%clk 0:09:59.2]} 2. d4 {[%clk 0:09:58.2]} 2... d5 {[%clk 0:09:56.7]} 3. e5 {[%clk 0:09:57.1]} 3... c5 {[%clk 0:09:54.6]} 4. c3 {[%clk 0:09:55.7]} 4... Bd7 {[%clk 0:09:52.3]} 5. Nf3 {[%clk 0:09:46.8]} 5... Nc6 {[%clk 0:09:49.2]} 6. Be2 {[%clk 0:09:33.8]} 6... Qb6 {[%clk 0:09:38.5]} 7. a3 {[%clk 0:09:31.4]} 7... cxd4 {[%clk 0:09:30.2]} 8. cxd4 {[%clk 0:09:26.2]} 8... Nge7 {[%clk 0:09:24.4]} 9. Nc3 {[%clk 0:09:13.8]} 9... Nf5 {[%clk 0:09:19.2]} 10. Na4 {[%clk 0:09:10.7]} 10... Qa5+ {[%clk 0:08:43.9]} 11. b4 {[%clk 0:09:02.7]} 11... Qd8 {[%clk 0:08:37.9]} 12. Bb2 {[%clk 0:08:54.5]} 12... Be7 {[%clk 0:08:31.3]} 13. O-O {[%clk 0:08:48.2]} 13... O-O {[%clk 0:08:29.3]} 14. Rc1 {[%clk 0:08:43.1]} 14... a6 {[%clk 0:08:24.9]} 15. Nc5 {[%clk 0:08:15]} 15... Bxc5 {[%clk 0:08:15.1]} 16. bxc5 {[%clk 0:08:11.7]} 16... Rc8 {[%clk 0:07:48.2]} 17. Bd3 {[%clk 0:07:14.8]} 17... Na7 {[%clk 0:07:28.3]} 18. Bxf5 {[%clk 0:06:51.5]} 18... exf5 {[%clk 0:07:26.2]} 19. Qd3 {[%clk 0:06:49.8]} 19... Bb5 {[%clk 0:07:22.8]} 20. Qxf5 {[%clk 0:06:44.3]} 20... Bxf1 {[%clk 0:07:21]} 21. Kxf1 {[%clk 0:06:34.7]} 21... Nc6 {[%clk 0:07:17.5]} 22. Rc3 {[%clk 0:06:15.7]} 22... Ne7 {[%clk 0:07:15.5]} 23. Qh3 {[%clk 0:06:10.7]} 23... Ng6 {[%clk 0:07:10]} 24. Bc1 {[%clk 0:06:02]} 24... f6 {[%clk 0:06:43.4]} 25. e6 {[%clk 0:05:26.9]} 25... Qa5 {[%clk 0:06:19.7]} 26. Re3 {[%clk 0:05:07.6]} 26... Qb5+ {[%clk 0:06:04.7]} 27. Kg1 {[%clk 0:04:44.4]} 27... Qb1 {[%clk 0:05:58.2]} 28. Re1 {[%clk 0:04:42.9]} 28... Qc2 {[%clk 0:05:15.4]} 29. g3 {[%clk 0:04:38.7]} 29... Rce8 {[%clk 0:05:05.2]} 30. Qf1 {[%clk 0:03:10.2]} 30... Re7 {[%clk 0:04:56.1]} 31. Re2 {[%clk 0:03:01.6]} 31... Qf5 {[%clk 0:04:50.3]} 32. Kg2 {[%clk 0:02:36.5]} 32... Rxe6 {[%clk 0:04:40.4]} 33. Rxe6 {[%clk 0:02:34.4]} 33... Qxe6 {[%clk 0:04:38.8]} 34. Qd3 {[%clk 0:02:24.7]} 34... Qe4 {[%clk 0:04:31]} 35. Qb3 {[%clk 0:02:15.6]} 35... Rf7 {[%clk 0:04:22.4]} 36. Qb6 {[%clk 0:02:03]} 36... Nf8 {[%clk 0:04:12.4]} 37. Bf4 {[%clk 0:01:52.7]} 37... Ne6 {[%clk 0:04:04.5]} 38. Be3 {[%clk 0:01:41.3]} 38... Ng5 {[%clk 0:03:43.8]} 39. Bxg5 {[%clk 0:01:35.5]} 39... fxg5 {[%clk 0:03:41.4]} 40. Qd8+ {[%clk 0:01:32.5]} 40... Rf8 {[%clk 0:03:38.7]} 41. Qxg5 {[%clk 0:01:11.5]} 41... Qxf3+ {[%clk 0:03:34.5]} 42. Kh3 {[%clk 0:01:08.7]} 42... Qf5+ {[%clk 0:03:32]} 43. Qxf5 {[%clk 0:01:04.8]} 43... Rxf5 {[%clk 0:03:30.6]} 44. f4 {[%clk 0:01:02.1]} 44... Rf7 {[%clk 0:03:20.8]} 45. Kg4 {[%clk 0:00:59.7]} 45... Re7 {[%clk 0:03:19.7]} 46. Kf3 {[%clk 0:00:58.6]} 46... Re4 {[%clk 0:03:14.4]} 47. f5 {[%clk 0:00:56.2]} 0-1,600,True,6k1/1p4pp/p7/2Pp1P2/3Pr3/P4KP1/7P/8 b - -,rapid,grebennikov_79 won by resignation,0-1,C02,French-Defense-Advance-Paulsen-Attack-5...Qb6-6.Be2-Bd7,12:02:20,12:18:44,black,white,willlt001,grebennikov_79,loss,win,resignation,French-Defense
24,https://www.chess.com/game/live/108737384199,2024-05-06,1. d4 {[%clk 0:10:00]} 1... g6 {[%clk 0:09:58.5]} 2. e4 {[%clk 0:09:58.2]} 2... Bg7 {[%clk 0:09:55.7]} 3. Nf3 {[%clk 0:09:56.2]} 3... d6 {[%clk 0:09:53.2]} 4. Nc3 {[%clk 0:09:44.3]} 4... Nf6 {[%clk 0:09:49.4]} 5. Bg5 {[%clk 0:09:32.9]} 5... O-O {[%clk 0:09:35]} 6. Bd3 {[%clk 0:09:26.3]} 6... Nc6 {[%clk 0:09:22.1]} 7. Bb5 {[%clk 0:09:19.8]} 7... Bd7 {[%clk 0:08:43.3]} 8. O-O {[%clk 0:09:07.4]} 8... Re8 {[%clk 0:08:17]} 9. a3 {[%clk 0:09:03.8]} 9... e5 {[%clk 0:08:12.1]} 10. d5 {[%clk 0:08:49.5]} 10... Ne7 {[%clk 0:07:38.7]} 11. Qd3 {[%clk 0:08:25.7]} 11... Bxb5 {[%clk 0:07:26.4]} 12. Nxb5 {[%clk 0:08:18.8]} 12... a6 {[%clk 0:07:24.9]} 13. Nc3 {[%clk 0:08:16.6]} 13... h6 {[%clk 0:07:16.9]} 14. Bh4 {[%clk 0:08:04.9]} 14... Qd7 {[%clk 0:06:17.2]} 15. h3 {[%clk 0:07:57.8]} 15... c6 {[%clk 0:06:07.2]} 16. Bxf6 {[%clk 0:07:34.3]} 16... Bxf6 {[%clk 0:06:01.6]} 17. Qd2 {[%clk 0:07:21]} 17... c5 {[%clk 0:05:38.2]} 18. Qxh6 {[%clk 0:07:08]} 18... Bg7 {[%clk 0:05:29.4]} 19. Qh4 {[%clk 0:06:57.5]} 19... Kf8 {[%clk 0:05:14]} 20. Ng5 {[%clk 0:06:55.4]} 20... Ng8 {[%clk 0:05:00]} 21. Nh7# {[%clk 0:06:51.4]} 1-0,600,True,r3rkn1/1p1q1pbN/p2p2p1/2pPp3/4P2Q/P1N4P/1PP2PP1/R4RK1 b - -,rapid,cycobs won by checkmate,1-0,B08,Pirc-Defense-Classical-Variation-4...Bg7-5.Bg5-O-O,12:24:19,12:32:37,white,black,willlt001,cycobs,loss,win,checkmate,Pirc-Defense
25,https://www.chess.com/game/live/108737971423,2024-05-06,1. e4 {[%clk 0:10:00]} 1... c6 {[%clk 0:10:00]} 2. d4 {[%clk 0:09:59.1]} 2... d5 {[%clk 0:09:59.4]} 3. f3 {[%clk 0:09:58.5]} 3... dxe4 {[%clk 0:09:56.9]} 4. fxe4 {[%clk 0:09:56.3]} 4... e5 {[%clk 0:09:56.6]} 5. Nf3 {[%clk 0:09:54.3]} 5... Bg4 {[%clk 0:09:52.2]} 6. Bc4 {[%clk 0:09:20.3]} 6... Nf6 {[%clk 0:09:20]} 7. Bg5 {[%clk 0:09:08.4]} 7... Be7 {[%clk 0:09:06.4]} 8. Bxf6 {[%clk 0:08:29]} 8... Bxf6 {[%clk 0:09:03.3]} 9. c3 {[%clk 0:08:27.6]} 9... O-O {[%clk 0:08:54.7]} 10. O-O {[%clk 0:08:21.2]} 10... Bxf3 {[%clk 0:08:53.8]} 11. Rxf3 {[%clk 0:08:14.6]} 11... exd4 {[%clk 0:08:50]} 12. Rd3 {[%clk 0:07:51.2]} 12... c5 {[%clk 0:08:23]} 13. Bd5 {[%clk 0:07:19.5]} 13... Qc7 {[%clk 0:06:02.8]} 14. Qf3 {[%clk 0:06:28.8]} 14... Nc6 {[%clk 0:05:38.1]} 15. c4 {[%clk 0:05:21.8]} 15... Ne5 {[%clk 0:05:18]} 16. Qg3 {[%clk 0:04:55.4]} 16... Nxd3 {[%clk 0:05:16.8]} 17. Qxc7 {[%clk 0:04:53.9]} 1-0,600,True,r4rk1/ppQ2ppp/5b2/2pB4/2PpP3/3n4/PP4PP/RN4K1 b - -,rapid,willlt001 won by resignation,1-0,B12,Caro-Kann-Defense-Fantasy-Variation...4.fxe4-e5-5.Nf3-Bg4-6.Bc4,12:33:36,12:43:49,black,white,willlt001,francocapi01,win,loss,resignation,Caro-Kann
26,https://www.chess.com/game/live/108738597551,2024-05-06,1. e4 {[%clk 0:10:00]} 1... c5 {[%clk 0:09:59.4]} 2. c3 {[%clk 0:09:58.3]} 2... Nc6 {[%clk 0:09:58.2]} 3. d4 {[%clk 0:09:56.3]} 3... cxd4 {[%clk 0:09:57.4]} 4. cxd4 {[%clk 0:09:55.2]} 4... Nf6 {[%clk 0:09:56.2]} 5. d5 {[%clk 0:09:40.3]} 5... Ne5 {[%clk 0:09:53.7]} 6. Nc3 {[%clk 0:09:29.8]} 6... a6 {[%clk 0:09:41.7]} 7. Bf4 {[%clk 0:08:47.7]} 7... Ng6 {[%clk 0:09:31.5]} 8. Bg3 {[%clk 0:08:38.7]} 8... d6 {[%clk 0:09:30]} 9. Bd3 {[%clk 0:08:23.7]} 9... e5 {[%clk 0:09:17.6]} 10. dxe6 {[%clk 0:08:14.1]} 10... Bxe6 {[%clk 0:09:10.9]} 11. Nf3 {[%clk 0:08:03.7]} 11... Be7 {[%clk 0:08:57]} 12. O-O {[%clk 0:07:48.3]} 12... O-O {[%clk 0:08:55.2]} 13. Qe2 {[%clk 0:07:39]} 13... Nh5 {[%clk 0:08:48.5]} 14. Rfd1 {[%clk 0:07:26.1]} 14... Nxg3 {[%clk 0:08:44.9]} 15. hxg3 {[%clk 0:07:26]} 15... Rc8 {[%clk 0:08:08]} 16. Rac1 {[%clk 0:07:23.9]} 16... b5 {[%clk 0:08:03.3]} 17. e5 {[%clk 0:07:10.5]} 17... d5 {[%clk 0:07:56]} 18. a3 {[%clk 0:06:46.7]} 18... Qb6 {[%clk 0:07:13.8]} 19. b4 {[%clk 0:06:24]} 19... Rc7 {[%clk 0:06:34]} 20. Rc2 {[%clk 0:05:51.2]} 20... Rfc8 {[%clk 0:06:23.7]} 21. Rdc1 {[%clk 0:05:48.2]} 21... h6 {[%clk 0:05:05.9]} 22. Bxg6 {[%clk 0:03:53]} 22... fxg6 {[%clk 0:05:02.7]} 23. Qd3 {[%clk 0:03:52.2]} 23... Bf5 {[%clk 0:03:33.8]} 24. Qxd5+ {[%clk 0:03:45.4]} 24... Kh8 {[%clk 0:03:25.1]} 25. Rd2 {[%clk 0:02:57.6]} 25... Rxc3 {[%clk 0:03:19.6]} 26. Rxc3 {[%clk 0:02:53.2]} 26... Rxc3 {[%clk 0:03:15]} 27. e6 {[%clk 0:02:26.1]} 27... Rxa3 {[%clk 0:02:18.3]} 28. Ne5 {[%clk 0:02:24.7]} 28... Kh7 {[%clk 0:01:48.4]} 29. Qd7 {[%clk 0:02:20.1]} 29... Qxe6 {[%clk 0:01:34.4]} 30. Qxe6 {[%clk 0:01:56.7]} 30... Bxe6 {[%clk 0:01:33.2]} 31. Re2 {[%clk 0:01:55.7]} 31... Bf6 {[%clk 0:01:02.8]} 32. Nc6 {[%clk 0:01:49.6]} 32... Bc4 {[%clk 0:00:44.9]} 33. Re1 {[%clk 0:01:42.8]} 33... Bd5 {[%clk 0:00:24]} 34. Rc1 {[%clk 0:01:33.1]} 34... Bxc6 {[%clk 0:00:08.7]} 35. Rxc6 {[%clk 0:01:33]} 35... Ra4 {[%clk 0:00:06.1]} 36. Kh2 {[%clk 0:01:32.1]} 36... Rxb4 {[%clk 0:00:04.4]} 37. Rxa6 {[%clk 0:01:30.5]} 37... Ra4 {[%clk 0:00:03.1]} 38. Rb6 {[%clk 0:01:29]} 38... b4 {[%clk 0:00:02.2]} 39. Rb5 {[%clk 0:01:28]} 39... Bc3 {[%clk 0:00:00.5]} 40. Rb7 {[%clk 0:01:24]} 40... Ra3 {[%clk 0:00:00.4]} 41. Rxg7+ {[%clk 0:01:21.2]} 1-0,600,True,8/6Rk/6pp/8/1p6/r1b3P1/5PPK/8 b - -,rapid,willlt001 won on time,1-0,B22,Alapin-Sicilian-Defense-2...Nc6-3.d4-cxd4-4.cxd4,12:45:01,13:04:15,black,white,willlt001,agabey777,win,loss,time,Alapin-Sicilian
27,https://www.chess.com/game/live/108739808265,2024-05-06,1. e4 {[%clk 0:10:00]} 1... c6 {[%clk 0:10:00]} 2. d4 {[%clk 0:09:58.9]} 2... d5 {[%clk 0:09:58.9]} 3. f3 {[%clk 0:09:58.5]} 3... dxe4 {[%clk 0:09:53.6]} 4. fxe4 {[%clk 0:09:57.5]} 4... Nf6 {[%clk 0:09:51.2]} 5. e5 {[%clk 0:09:55.7]} 5... Ne4 {[%clk 0:09:48.2]} 6. Qd3 {[%clk 0:09:24.8]} 6... Bf5 {[%clk 0:09:45.8]} 7. c3 {[%clk 0:08:06.4]} 7... e6 {[%clk 0:09:39]} 8. Qf3 {[%clk 0:07:49.5]} 8... c5 {[%clk 0:09:06.4]} 9. Bd3 {[%clk 0:07:31.2]} 9... Qd5 {[%clk 0:08:56.7]} 10. Nd2 {[%clk 0:07:17.1]} 10... Nxc3 {[%clk 0:08:11.3]} 11. Bxf5 {[%clk 0:06:01.8]} 11... exf5 {[%clk 0:07:55]} 12. bxc3 {[%clk 0:05:44.1]} 12... Qxf3 {[%clk 0:07:49.4]} 13. Ngxf3 {[%clk 0:05:41.8]} 13... cxd4 {[%clk 0:07:47.4]} 14. cxd4 {[%clk 0:05:39.4]} 14... Nc6 {[%clk 0:07:44]} 15. O-O {[%clk 0:05:29.7]} 15... Bb4 {[%clk 0:07:38.7]} 16. Nb3 {[%clk 0:05:14.3]} 16... Rd8 {[%clk 0:07:24]} 17. Be3 {[%clk 0:05:12.5]} 17... O-O {[%clk 0:07:16.2]} 18. Rab1 {[%clk 0:05:05.9]} 18... b6 {[%clk 0:07:13.5]} 19. Rfc1 {[%clk 0:05:00.7]} 19... Ne7 {[%clk 0:06:59.1]} 20. Rc7 {[%clk 0:04:40.2]} 20... a5 {[%clk 0:06:48.2]} 21. Rbc1 {[%clk 0:04:34.5]} 21... Nd5 {[%clk 0:06:42.5]} 22. Bd2 {[%clk 0:03:44.7]} 22... Nxc7 {[%clk 0:06:35.8]} 23. Bxb4 {[%clk 0:03:39.3]} 23... axb4 {[%clk 0:06:33.6]} 24. Rxc7 {[%clk 0:03:31.8]} 24... Rb8 {[%clk 0:06:28.9]} 25. d5 {[%clk 0:03:25.7]} 25... Ra8 {[%clk 0:06:13.9]} 26. d6 {[%clk 0:03:02]} 26... Rxa2 {[%clk 0:06:08.1]} 27. Rb7 {[%clk 0:02:55]} 27... Ra3 {[%clk 0:05:56.9]} 28. Nbd4 {[%clk 0:02:50.5]} 28... b3 {[%clk 0:05:42.5]} 29. Rxb6 {[%clk 0:02:48.3]} 29... Ra1+ {[%clk 0:05:40.2]} 30. Kf2 {[%clk 0:02:45.7]} 30... Ra2+ {[%clk 0:05:37.7]} 31. Kg3 {[%clk 0:02:42.8]} 31... b2 {[%clk 0:05:36.2]} 32. d7 {[%clk 0:02:17.3]} 32... Rd8 {[%clk 0:05:32.9]} 33. Nc6 {[%clk 0:02:08.9]} 33... Rxd7 {[%clk 0:05:29.8]} 34. Rb8+ {[%clk 0:02:05.1]} 1-0,600,True,1R4k1/3r1ppp/2N5/4Pp2/8/5NK1/rp4PP/8 b - -,rapid,willlt001 won by resignation,1-0,B12,Caro-Kann-Defense-Fantasy-Variation-3...dxe4-4.fxe4,13:05:35,13:18:19,black,white,willlt001,Bigzapp,win,loss,resignation,Caro-Kann
28,https://www.chess.com/game/live/108764412485,2024-05-06,1. e4 {[%clk 0:09:59.3]} 1... c6 {[%clk 0:09:58.6]} 2. Nf3 {[%clk 0:09:56.8]} 2... d5 {[%clk 0:09:57.4]} 3. d3 {[%clk 0:09:55.7]} 3... dxe4 {[%clk 0:09:55.6]} 4. Ng5 {[%clk 0:09:51.8]} 4... Nf6 {[%clk 0:09:52.8]} 5. Nc3 {[%clk 0:09:48.6]} 5... h6 {[%clk 0:09:35]} 6. Ngxe4 {[%clk 0:09:40.6]} 6... Bg4 {[%clk 0:09:13.2]} 7. Nxf6+ {[%clk 0:09:10.5]} 1-0,600,True,rn1qkb1r/pp2ppp1/2p2N1p/8/6b1/2NP4/PPP2PPP/R1BQKB1R b KQkq -,rapid,cristjz won by resignation,1-0,B10,Caro-Kann-Defense-2.Nf3-d5-3.d3-dxe4,19:55:34,19:57:19,white,black,willlt001,cristjz,loss,win,resignation,Caro-Kann
29,https://www.chess.com/game/live/108764448411,2024-05-06,1. d4 {[%clk 0:10:00]} 1... g6 {[%clk 0:09:58.4]} 2. Nc3 {[%clk 0:09:58.2]} 2... Bg7 {[%clk 0:09:54.2]} 3. Bf4 {[%clk 0:09:57]} 3... Nf6 {[%clk 0:09:52.1]} 4. e3 {[%clk 0:09:55.2]} 4... O-O {[%clk 0:09:50.3]} 5. h4 {[%clk 0:09:54.9]} 5... h5 {[%clk 0:09:40.7]} 6. Nb5 {[%clk 0:09:52.2]} 6... d6 {[%clk 0:09:33.3]} 7. Bd3 {[%clk 0:09:49.1]} 7... Nc6 {[%clk 0:09:26.6]} 8. Nf3 {[%clk 0:09:29.4]} 8... Bg4 {[%clk 0:09:20.4]} 9. c3 {[%clk 0:09:24.6]} 9... Re8 {[%clk 0:09:17.4]} 10. Qd2 {[%clk 0:08:57.4]} 10... a6 {[%clk 0:09:11.9]} 11. Na3 {[%clk 0:08:54.1]} 11... e5 {[%clk 0:09:08.3]} 12. dxe5 {[%clk 0:08:43.5]} 12... dxe5 {[%clk 0:09:05.6]} 13. Bg5 {[%clk 0:08:42.9]} 13... e4 {[%clk 0:08:58.4]} 14. Bxe4 {[%clk 0:08:01]} 14... Qxd2+ {[%clk 0:08:55.2]} 15. Kxd2 {[%clk 0:08:00.9]} 15... Nxe4+ {[%clk 0:08:53.3]} 16. Ke2 {[%clk 0:07:55.6]} 16... Bxf3+ {[%clk 0:08:43.8]} 17. gxf3 {[%clk 0:07:47.3]} 17... Nxg5 {[%clk 0:08:42.5]} 18. hxg5 {[%clk 0:07:47.2]} 18... Rad8 {[%clk 0:08:38.8]} 19. Nc4 {[%clk 0:07:45.7]} 19... b5 {[%clk 0:08:30.4]} 20. Nd2 {[%clk 0:07:44.6]} 20... Rd7 {[%clk 0:08:15.3]} 21. Ne4 {[%clk 0:07:35.9]} 21... Red8 {[%clk 0:07:55.6]} 22. f4 {[%clk 0:07:32.8]} 22... Na5 {[%clk 0:07:13.2]} 23. Kf3 {[%clk 0:07:20.9]} 23... Nc4 {[%clk 0:07:07.2]} 24. Nc5 {[%clk 0:07:08.3]} 24... Rd6 {[%clk 0:06:24.9]} 25. Nb7 {[%clk 0:07:05.5]} 25... Nxb2 {[%clk 0:06:19.2]} 26. Nxd8 {[%clk 0:07:00.8]} 26... Rxd8 {[%clk 0:06:17.2]} 27. Rab1 {[%clk 0:06:47.1]} 27... Bxc3 {[%clk 0:06:14.3]} 28. Rhc1 {[%clk 0:06:30.1]} 28... b4 {[%clk 0:06:07.4]} 29. a3 {[%clk 0:06:27.6]} 29... c5 {[%clk 0:06:00.6]} 30. axb4 {[%clk 0:06:16.8]} 30... cxb4 {[%clk 0:05:59]} 31. Rc2 {[%clk 0:06:11.5]} 31... Nd3 {[%clk 0:05:36.8]} 32. Ra2 {[%clk 0:05:59.4]} 32... Nc5 {[%clk 0:05:23.5]} 33. Ra5 {[%clk 0:05:51.2]} 33... Rc8 {[%clk 0:05:08.4]} 34. Ke2 {[%clk 0:05:35.2]} 34... b3 {[%clk 0:04:46.6]} 35. Ra3 {[%clk 0:05:01.9]} 35... a5 {[%clk 0:04:39.1]} 36. Rc1 {[%clk 0:04:55.2]} 36... Bb2 {[%clk 0:04:07.8]} 37. Rxc5 {[%clk 0:04:53.3]} 37... Rxc5 {[%clk 0:04:06]} 38. Rxb3 {[%clk 0:04:53]} 38... Bg7 {[%clk 0:03:51.7]} 39. Rb8+ {[%clk 0:04:42.9]} 39... Bf8 {[%clk 0:03:46.5]} 40. Ra8 {[%clk 0:04:22.5]} 40... Rc2+ {[%clk 0:03:43.8]} 41. Kd3 {[%clk 0:04:21.6]} 41... Ra2 {[%clk 0:03:42]} 42. f3 {[%clk 0:04:13.5]} 42... a4 {[%clk 0:03:40.4]} 43. Kc3 {[%clk 0:04:12.1]} 43... a3 {[%clk 0:03:39.5]} 44. Kb3 {[%clk 0:04:10.9]} 44... Rf2 {[%clk 0:03:38.4]} 0-1,600,True,R4bk1/5p2/6p1/6Pp/5P2/pK2PP2/5r2/8 w - -,rapid,willlt001 won by resignation,0-1,A45,Indian-Game-2.Bf4-g6-3.Nc3-Bg7,19:57:24,20:11:30,white,black,willlt001,qmpeshki,win,loss,resignation,Indian-Game
30,https://www.chess.com/game/live/108818357991,2024-05-07,1. e4 {[%clk 0:15:10]} 1... c6 {[%clk 0:15:09.5]} 2. d4 {[%clk 0:15:11.8]} 2... d5 {[%clk 0:15:18.1]} 3. f3 {[%clk 0:15:19.9]} 3... dxe4 {[%clk 0:14:25.4]} 4. fxe4 {[%clk 0:15:27.4]} 4... Nf6 {[%clk 0:14:28.8]} 5. e5 {[%clk 0:15:32.7]} 5... Bg4 {[%clk 0:14:08.5]} 6. Be2 {[%clk 0:15:21.8]} 6... Bxe2 {[%clk 0:14:10.5]} 7. Nxe2 {[%clk 0:15:26.8]} 7... Nd5 {[%clk 0:14:04.3]} 8. c4 {[%clk 0:14:50.4]} 8... Nb6 {[%clk 0:14:10.5]} 9. Qd3 {[%clk 0:13:59.3]} 9... e6 {[%clk 0:13:58.5]} 10. Nbc3 {[%clk 0:13:57.5]} 10... N8d7 {[%clk 0:13:01.5]} 11. Be3 {[%clk 0:13:30.7]} 11... Bb4 {[%clk 0:11:38.9]} 12. O-O {[%clk 0:13:14.4]} 12... Bxc3 {[%clk 0:10:47.2]} 13. Nxc3 {[%clk 0:13:20.2]} 13... Qh4 {[%clk 0:10:26.2]} 14. Rf4 {[%clk 0:12:48.6]} 14... Qe7 {[%clk 0:10:15.1]} 15. a3 {[%clk 0:12:46.9]} 15... O-O-O {[%clk 0:10:22.7]} 16. Raf1 {[%clk 0:12:13.7]} 16... Rhf8 {[%clk 0:10:07.8]} 17. Qxh7 {[%clk 0:12:14.7]} 17... Nxc4 {[%clk 0:10:05.4]} 18. Bc1 {[%clk 0:11:43.6]} 18... g6 {[%clk 0:10:13.2]} 19. Rxf7 {[%clk 0:11:47.4]} 19... Rxf7 {[%clk 0:09:33.5]} 20. Rxf7 {[%clk 0:11:54.9]} 20... Qe8 {[%clk 0:09:16.8]} 21. Ne4 {[%clk 0:11:40.8]} 21... Nf8 {[%clk 0:09:07.9]} 22. Rc7+ {[%clk 0:11:46.8]} 22... Kb8 {[%clk 0:09:07.9]} 23. Rxb7+ {[%clk 0:11:55.8]} 23... Ka8 {[%clk 0:09:16.8]} 24. Rxa7+ {[%clk 0:12:05]} 24... Kb8 {[%clk 0:09:25.8]} 25. Qb7# {[%clk 0:12:14.9]} 1-0,900+10,True,1k1rqn2/RQ6/2p1p1p1/4P3/2nPN3/P7/1P4PP/2B3K1 b - -,rapid,willlt001 won by checkmate,1-0,B12,Caro-Kann-Defense-Fantasy-Variation-3...dxe4-4.fxe4,10:52:52,11:09:42,black,white,willlt001,BobSyv,win,loss,checkmate,Caro-Kann
31,https://www.chess.com/game/live/108819103533,2024-05-07,1. e4 {[%clk 0:14:46.3]} 1... c5 {[%clk 0:15:06.4]} 2. c3 {[%clk 0:14:46.4]} 2... d6 {[%clk 0:14:59.4]} 3. d4 {[%clk 0:14:53.6]} 3... cxd4 {[%clk 0:15:06.3]} 4. cxd4 {[%clk 0:15:02]} 4... Nf6 {[%clk 0:15:07.9]} 5. Nc3 {[%clk 0:14:55]} 5... a6 {[%clk 0:15:06.9]} 6. Nf3 {[%clk 0:14:59.5]} 6... g6 {[%clk 0:15:11.7]} 7. Be3 {[%clk 0:14:41.4]} 7... Bg7 {[%clk 0:15:10]} 8. Bc4 {[%clk 0:14:49.6]} 8... b5 {[%clk 0:15:12.4]} 9. Bb3 {[%clk 0:14:23.6]} 9... O-O {[%clk 0:14:38.8]} 10. a3 {[%clk 0:14:27.2]} 10... Bb7 {[%clk 0:14:25.6]} 11. d5 {[%clk 0:14:12.5]} 11... Nbd7 {[%clk 0:14:08.1]} 12. Qd2 {[%clk 0:14:08.6]} 12... Nc5 {[%clk 0:14:11.5]} 13. Bc2 {[%clk 0:13:33.6]} 13... Re8 {[%clk 0:13:56.4]} 14. b4 {[%clk 0:13:38.8]} 14... Ncd7 {[%clk 0:13:52.7]} 15. O-O {[%clk 0:13:45.2]} 15... Rc8 {[%clk 0:13:24.8]} 16. Rac1 {[%clk 0:13:26.6]} 16... Nb6 {[%clk 0:13:07.4]} 17. Bd3 {[%clk 0:13:09.2]} 17... e6 {[%clk 0:12:46.8]} 18. dxe6 {[%clk 0:13:04.9]} 18... Rxe6 {[%clk 0:11:46.7]} 19. Ng5 {[%clk 0:12:18.1]} 19... Re7 {[%clk 0:11:51.3]} 20. f3 {[%clk 0:12:23]} 20... Nc4 {[%clk 0:11:55.4]} 21. Bxc4 {[%clk 0:12:27.8]} 21... Rxc4 {[%clk 0:11:58.9]} 22. Ne2 {[%clk 0:11:55]} 22... d5 {[%clk 0:10:33.8]} 23. Rxc4 {[%clk 0:11:34.8]} 23... bxc4 {[%clk 0:10:23.1]} 24. exd5 {[%clk 0:10:51.9]} 24... Qxd5 {[%clk 0:10:19]} 25. Qxd5 {[%clk 0:10:30]} 25... Nxd5 {[%clk 0:10:18]} 0-1,900+10,True,6k1/1b2rpbp/p5p1/3n2N1/1Pp5/P3BP2/4N1PP/5RK1 w - -,rapid,Dimidrol3333 won by resignation,0-1,B22,Alapin-Sicilian-Defense...3.d4-cxd4-4.cxd4-Nf6-5.Nc3,11:11:51,11:30:15,black,white,willlt001,Dimidrol3333,loss,win,resignation,Alapin-Sicilian
32,https://www.chess.com/game/live/108820305569,2024-05-07,1. e4 {[%clk 0:15:08]} 1... c6 {[%clk 0:15:08.6]} 2. Nf3 {[%clk 0:15:13.6]} 2... d5 {[%clk 0:15:15.3]} 3. exd5 {[%clk 0:15:20.5]} 3... cxd5 {[%clk 0:15:23.8]} 4. d4 {[%clk 0:15:30.2]} 4... Nf6 {[%clk 0:15:31.8]} 5. Bd3 {[%clk 0:15:27.7]} 5... Bg4 {[%clk 0:15:13.8]} 6. O-O {[%clk 0:15:30.3]} 6... e6 {[%clk 0:15:15.9]} 7. Bf4 {[%clk 0:15:30.4]} 7... Nc6 {[%clk 0:15:19.9]} 8. c3 {[%clk 0:15:38.4]} 8... Be7 {[%clk 0:15:17.5]} 9. Nbd2 {[%clk 0:15:45.3]} 9... O-O {[%clk 0:15:23.6]} 10. h3 {[%clk 0:15:52]} 10... Bh5 {[%clk 0:15:29.3]} 11. Qc2 {[%clk 0:15:58]} 11... a6 {[%clk 0:15:21.6]} 12. Ne5 {[%clk 0:15:21.5]} 12... Bg6 {[%clk 0:15:02]} 13. Ndf3 {[%clk 0:15:17.3]} 13... Bxd3 {[%clk 0:14:54.1]} 14. Qxd3 {[%clk 0:15:21.5]} 14... Ne4 {[%clk 0:15:01.6]} 15. Nd2 {[%clk 0:14:53.5]} 15... f5 {[%clk 0:14:59.6]} 16. Nxe4 {[%clk 0:14:48.4]} 16... fxe4 {[%clk 0:15:04.9]} 17. Qg3 {[%clk 0:14:57]} 17... Bh4 {[%clk 0:15:00.9]} 18. Qg4 {[%clk 0:15:04.9]} 18... Nxe5 {[%clk 0:14:58.6]} 19. Bxe5 {[%clk 0:15:12.9]} 19... Qe7 {[%clk 0:14:54.4]} 20. g3 {[%clk 0:15:03.5]} 20... Bf6 {[%clk 0:14:58.2]} 21. f4 {[%clk 0:15:10.5]} 21... b5 {[%clk 0:14:58.1]} 22. b4 {[%clk 0:14:42.9]} 22... Bxe5 {[%clk 0:14:36.4]} 23. fxe5 {[%clk 0:14:49]} 23... Rac8 {[%clk 0:14:04.3]} 24. Rxf8+ {[%clk 0:14:51.9]} 24... Rxf8 {[%clk 0:14:11.5]} 25. Rc1 {[%clk 0:14:59.8]} 25... Rf3 {[%clk 0:14:10]} 26. Kg2 {[%clk 0:14:51.3]} 26... Qf7 {[%clk 0:14:06.9]} 27. Rc2 {[%clk 0:14:53.7]} 27... Rf1 {[%clk 0:13:26.8]} 28. Qe2 {[%clk 0:14:39.5]} 28... Qf3+ {[%clk 0:13:27.3]} 29. Qxf3 {[%clk 0:14:33.7]} 29... Rxf3 {[%clk 0:13:37.2]} 30. g4 {[%clk 0:14:28.2]} 30... g5 {[%clk 0:13:07]} 31. a3 {[%clk 0:14:18.4]} 31... Kg7 {[%clk 0:13:15.4]} 32. Rc1 {[%clk 0:14:13.4]} 32... Kg6 {[%clk 0:13:21.1]} 33. Rc2 {[%clk 0:14:20.4]} 33... h6 {[%clk 0:13:00.9]} 34. Rc1 {[%clk 0:14:24.6]} 34... Kf7 {[%clk 0:12:37.8]} 35. Rc2 {[%clk 0:14:31.1]} 35... Kg6 {[%clk 0:12:42.6]} 36. Rc1 {[%clk 0:14:39.9]} 36... Kg7 {[%clk 0:12:51.5]} 37. Rc2 {[%clk 0:14:48.3]} 37... Rf4 {[%clk 0:12:48.7]} 38. Rf2 {[%clk 0:14:11]} 38... Rxf2+ {[%clk 0:12:50.4]} 39. Kxf2 {[%clk 0:13:57.4]} 39... Kg6 {[%clk 0:12:59.3]} 40. Ke3 {[%clk 0:13:26.1]} 40... h5 {[%clk 0:13:06.1]} 41. Kf2 {[%clk 0:13:28.2]} 41... Kh6 {[%clk 0:13:14.4]} 42. Ke3 {[%clk 0:13:34.8]} 42... Kg6 {[%clk 0:13:22.9]} 43. Kf2 {[%clk 0:13:43.5]} 43... h4 {[%clk 0:13:19.9]} 44. Ke3 {[%clk 0:13:48.1]} 44... Kh6 {[%clk 0:13:28.7]} 45. Kf2 {[%clk 0:13:56.1]} 45... Kg6 {[%clk 0:13:38.6]} 1/2-1/2,900+10,True,8/8/p3p1k1/1p1pP1p1/1P1Pp1Pp/P1P4P/5K2/8 w - -,rapid,Game drawn by agreement,1/2-1/2,A46,Indian-Game-Spielmann-Indian-Variation-3.e3-cxd4-4.exd4-d5-5.Bd3,11:31:42,11:49:36,white,black,willlt001,fyatalas,draw,draw,agreement,Indian-Game
33,https://www.chess.com/game/live/108823811827,2024-05-07,1. e4 {[%clk 0:15:09.8]} 1... c6 {[%clk 0:15:08.7]} 2. Bc4 {[%clk 0:15:14.1]} 2... d5 {[%clk 0:15:17.8]} 3. exd5 {[%clk 0:15:21.7]} 3... cxd5 {[%clk 0:15:26.6]} 4. Be2 {[%clk 0:15:24.7]} 4... Nf6 {[%clk 0:15:33.6]} 5. h3 {[%clk 0:15:25.6]} 5... Nc6 {[%clk 0:15:40.3]} 6. c3 {[%clk 0:15:33.6]} 6... Bf5 {[%clk 0:15:47.5]} 7. Nf3 {[%clk 0:15:40.3]} 7... e6 {[%clk 0:15:53]} 8. b4 {[%clk 0:15:43]} 8... a6 {[%clk 0:15:52.2]} 9. O-O {[%clk 0:15:48]} 9... b5 {[%clk 0:15:59]} 10. Re1 {[%clk 0:15:55.3]} 10... Be7 {[%clk 0:16:03.8]} 11. d3 {[%clk 0:15:44.8]} 11... d4 {[%clk 0:15:45]} 12. a3 {[%clk 0:15:18.4]} 12... O-O {[%clk 0:15:26.7]} 13. Nh4 {[%clk 0:15:22.5]} 13... Bg6 {[%clk 0:15:29]} 14. Nxg6 {[%clk 0:15:30.6]} 14... hxg6 {[%clk 0:15:38]} 15. Bf3 {[%clk 0:15:25.6]} 15... Rc8 {[%clk 0:15:18]} 16. Bg5 {[%clk 0:15:09.7]} 16... dxc3 {[%clk 0:15:13.1]} 17. Nxc3 {[%clk 0:15:12.3]} 17... Nd4 {[%clk 0:15:21.6]} 18. Rc1 {[%clk 0:13:29.7]} 18... Qd7 {[%clk 0:15:07.8]} 19. Ne4 {[%clk 0:12:37.9]} 19... Rfd8 {[%clk 0:15:03.2]} 20. Rxc8 {[%clk 0:12:30.5]} 20... Rxc8 {[%clk 0:15:10.1]} 21. Nxf6+ {[%clk 0:11:05.1]} 21... Bxf6 {[%clk 0:15:15.4]} 22. Bxf6 {[%clk 0:11:00.9]} 22... gxf6 {[%clk 0:15:24.3]} 23. Re4 {[%clk 0:10:31.2]} 23... e5 {[%clk 0:15:02.7]} 24. g4 {[%clk 0:10:10.6]} 24... Rc3 {[%clk 0:15:05.4]} 25. Bg2 {[%clk 0:10:02.7]} 25... Qc7 {[%clk 0:14:49.6]} 26. Qd2 {[%clk 0:06:59.7]} 1-0,900+10,True,6k1/2q2p2/p4pp1/1p2p3/1P1nR1P1/P1rP3P/3Q1PB1/6K1 b - -,rapid,HaroldMendoza051786 won - game abandoned,1-0,B10,Caro-Kann-Defense-Hillbilly-Attack-2...d5,12:25:55,12:43:20,white,black,willlt001,HaroldMendoza051786,loss,win,abandoned,Caro-Kann
34,https://www.chess.com/game/live/108825002205,2024-05-07,1. e4 {[%clk 0:15:09.8]} 1... e5 {[%clk 0:15:01.8]} 2. Nf3 {[%clk 0:15:01.6]} 2... Nc6 {[%clk 0:15:09.5]} 3. Bc4 {[%clk 0:15:01]} 3... f6 {[%clk 0:14:13.6]} 4. d4 {[%clk 0:15:00.4]} 4... d6 {[%clk 0:13:59.5]} 5. h3 {[%clk 0:14:49.3]} 5... a6 {[%clk 0:13:55.2]} 6. Nc3 {[%clk 0:14:38.3]} 6... exd4 {[%clk 0:12:45.5]} 7. Nxd4 {[%clk 0:14:43.4]} 7... Nxd4 {[%clk 0:12:44]} 8. Qxd4 {[%clk 0:14:53.3]} 8... Ne7 {[%clk 0:12:19.5]} 9. O-O {[%clk 0:14:37.7]} 9... Nc6 {[%clk 0:12:16.1]} 10. Qd5 {[%clk 0:14:24.6]} 10... Ne5 {[%clk 0:11:37.8]} 11. Bb3 {[%clk 0:14:26.8]} 11... Qe7 {[%clk 0:11:27.2]} 12. f4 {[%clk 0:14:31.6]} 12... c6 {[%clk 0:11:14.4]} 13. Qd1 {[%clk 0:14:33]} 13... Ng6 {[%clk 0:10:43.7]} 14. Qh5 {[%clk 0:14:25.8]} 14... Kd8 {[%clk 0:09:55.1]} 15. Bd2 {[%clk 0:14:07.6]} 15... Qc7 {[%clk 0:08:44.1]} 16. Rae1 {[%clk 0:13:53.2]} 16... Be7 {[%clk 0:07:41.1]} 17. Be3 {[%clk 0:13:08.9]} 17... Nf8 {[%clk 0:07:29]} 18. a4 {[%clk 0:13:08.4]} 18... g6 {[%clk 0:07:26.4]} 19. Qf3 {[%clk 0:13:09.1]} 19... Nd7 {[%clk 0:07:11.4]} 20. Ra1 {[%clk 0:12:45.2]} 20... Rf8 {[%clk 0:06:54.4]} 21. a5 {[%clk 0:12:52.8]} 21... f5 {[%clk 0:05:36.2]} 22. Rfd1 {[%clk 0:12:35.3]} 22... fxe4 {[%clk 0:04:47.5]} 23. Qxe4 {[%clk 0:12:35.6]} 23... Rf5 {[%clk 0:04:31.8]} 24. Qa4 {[%clk 0:10:18.2]} 24... b5 {[%clk 0:03:36.3]} 25. axb6 {[%clk 0:10:21.6]} 25... Nxb6 {[%clk 0:03:44.1]} 26. Qd4 {[%clk 0:09:57.2]} 26... c5 {[%clk 0:01:55.8]} 27. Qh8+ {[%clk 0:09:45.9]} 27... Bf8 {[%clk 0:01:46.4]} 28. g4 {[%clk 0:09:54]} 28... Rf6 {[%clk 0:01:05.2]} 29. Qxf6+ {[%clk 0:09:59.2]} 29... Be7 {[%clk 0:01:05.3]} 30. Qh8+ {[%clk 0:10:06.4]} 30... Kd7 {[%clk 0:01:11.7]} 31. Qxh7 {[%clk 0:09:48.2]} 31... Bb7 {[%clk 0:01:19.4]} 32. Qxg6 {[%clk 0:09:53.2]} 32... Kd8 {[%clk 0:00:50.9]} 33. f5 {[%clk 0:09:22]} 33... Qc6 {[%clk 0:00:51]} 34. Bd5 {[%clk 0:09:16]} 34... Qe8 {[%clk 0:00:41.8]} 35. Qxe8+ {[%clk 0:09:22.7]} 35... Kxe8 {[%clk 0:00:48.3]} 36. Bxb7 {[%clk 0:09:32.1]} 36... Rb8 {[%clk 0:00:56.4]} 37. Bxa6 {[%clk 0:09:40.3]} 37... Nd7 {[%clk 0:01:00.7]} 38. Nd5 {[%clk 0:09:46.8]} 38... Rxb2 {[%clk 0:01:03.3]} 39. Nxe7 {[%clk 0:09:52.1]} 39... Kxe7 {[%clk 0:01:11.6]} 40. Re1 {[%clk 0:09:57.6]} 40... Rxc2 {[%clk 0:01:14.1]} 41. Bg5+ {[%clk 0:09:56.7]} 41... Kf7 {[%clk 0:01:19.5]} 42. Re7+ {[%clk 0:10:03.4]} 42... Kf8 {[%clk 0:01:26.7]} 43. Rxd7 {[%clk 0:10:12.1]} 43... Rg2+ {[%clk 0:01:30.4]} 44. Kxg2 {[%clk 0:10:21.1]} 1-0,900+10,True,5k2/3R4/B2p4/2p2PB1/6P1/7P/6K1/R7 b - -,rapid,willlt001 won by resignation,1-0,C50,Italian-Game,12:45:16,13:18:33,black,white,willlt001,khaledshedeed,win,loss,resignation,Italian-Game
35,https://www.chess.com/game/live/108827356221,2024-05-07,1. d4 {[%clk 0:15:08.8]} 1... g6 {[%clk 0:15:08.4]} 2. c4 {[%clk 0:15:16.8]} 2... Nf6 {[%clk 0:15:16.3]} 3. Nc3 {[%clk 0:15:25.6]} 3... Bg7 {[%clk 0:15:25]} 4. Bg5 {[%clk 0:15:32.5]} 4... O-O {[%clk 0:15:32.7]} 5. f3 {[%clk 0:15:38.8]} 5... d6 {[%clk 0:15:38.4]} 6. e3 {[%clk 0:15:34.7]} 6... c5 {[%clk 0:15:44.2]} 7. Bd3 {[%clk 0:15:13.4]} 7... Qa5 {[%clk 0:15:39.4]} 8. Bh4 {[%clk 0:15:08.6]} 8... cxd4 {[%clk 0:15:35.2]} 9. exd4 {[%clk 0:15:15.7]} 9... Nc6 {[%clk 0:15:40.4]} 10. Ne2 {[%clk 0:15:22.7]} 10... Bd7 {[%clk 0:15:23.6]} 11. Bf2 {[%clk 0:15:08]} 11... Rac8 {[%clk 0:14:47.5]} 12. O-O {[%clk 0:15:09.9]} 12... Rfd8 {[%clk 0:14:31.3]} 13. a3 {[%clk 0:14:14]} 13... d5 {[%clk 0:14:37.9]} 14. b4 {[%clk 0:13:17]} 14... Qc7 {[%clk 0:14:28.8]} 15. Bg3 {[%clk 0:13:04.1]} 15... e5 {[%clk 0:14:01.4]} 16. cxd5 {[%clk 0:12:52.4]} 16... Nh5 {[%clk 0:13:20.7]} 17. dxc6 {[%clk 0:12:23.8]} 17... Nxg3 {[%clk 0:13:28.9]} 18. hxg3 {[%clk 0:12:27.5]} 18... Bxc6 {[%clk 0:13:30.2]} 19. dxe5 {[%clk 0:10:26.5]} 19... Bxe5 {[%clk 0:13:29.6]} 20. Rc1 {[%clk 0:09:50.6]} 20... Qb6+ {[%clk 0:13:10.6]} 21. Kh1 {[%clk 0:09:26]} 21... Qe3 {[%clk 0:13:12.8]} 22. Qb3 {[%clk 0:07:42]} 22... Rxd3 {[%clk 0:13:02.5]} 23. Rfe1 {[%clk 0:07:47.7]} 23... Bxc3 {[%clk 0:11:58.8]} 24. Nxc3 {[%clk 0:07:36.2]} 24... Rxc3 {[%clk 0:12:05.2]} 25. Rxe3 {[%clk 0:07:33.7]} 25... Rxb3 {[%clk 0:12:13.2]} 26. Rxb3 {[%clk 0:07:41]} 1-0,900+10,True,2r3k1/pp3p1p/2b3p1/8/1P6/PR3PP1/6P1/2R4K b - -,rapid,ojojatid12 won by resignation,1-0,E61,Kings-Indian-Defense-Smyslov-Variation-4...O-O,13:22:44,13:41:52,white,black,willlt001,ojojatid12,loss,win,resignation,Kings-Indian
36,https://www.chess.com/game/live/108828568987,2024-05-07,1. e4 {[%clk 0:15:10]} 1... e5 {[%clk 0:15:09.8]} 2. Nf3 {[%clk 0:15:18.8]} 2... d6 {[%clk 0:15:18.1]} 3. d4 {[%clk 0:15:27.6]} 3... exd4 {[%clk 0:15:25.9]} 4. Nxd4 {[%clk 0:15:36.8]} 4... h6 {[%clk 0:15:33.3]} 5. Nc3 {[%clk 0:15:44.1]} 5... Be7 {[%clk 0:15:36.8]} 6. Be3 {[%clk 0:15:50]} 6... Nf6 {[%clk 0:15:35.6]} 7. Bc4 {[%clk 0:15:56.7]} 7... O-O {[%clk 0:15:43.4]} 8. Qd2 {[%clk 0:16:02.5]} 8... Ng4 {[%clk 0:15:46.5]} 9. f3 {[%clk 0:16:05.9]} 9... Nxe3 {[%clk 0:15:52]} 10. Qxe3 {[%clk 0:16:15.8]} 10... Bh4+ {[%clk 0:15:58.4]} 11. g3 {[%clk 0:16:23]} 11... Bg5 {[%clk 0:16:06.3]} 12. f4 {[%clk 0:16:31.9]} 12... Bf6 {[%clk 0:16:13.1]} 13. O-O-O {[%clk 0:16:37.3]} 13... Bg4 {[%clk 0:16:15.9]} 14. Rde1 {[%clk 0:16:42.4]} 14... c5 {[%clk 0:16:17.9]} 15. Nde2 {[%clk 0:16:42.4]} 15... Nc6 {[%clk 0:16:21.4]} 16. Nd5 {[%clk 0:16:43.6]} 16... Bxe2 {[%clk 0:16:21.6]} 17. Bxe2 {[%clk 0:16:47.9]} 17... Bd4 {[%clk 0:16:27.4]} 18. Qf3 {[%clk 0:16:47.7]} 18... Qa5 {[%clk 0:16:29.7]} 19. Kb1 {[%clk 0:16:48.3]} 19... Nb4 {[%clk 0:16:29.2]} 20. Nxb4 {[%clk 0:16:48.7]} 20... Qxb4 {[%clk 0:16:32.4]} 21. c3 {[%clk 0:16:53.6]} 21... Bxc3 {[%clk 0:16:38]} 22. Qxc3 {[%clk 0:17:02.5]} 22... Qxc3 {[%clk 0:16:46.5]} 23. bxc3 {[%clk 0:17:10.3]} 23... b5 {[%clk 0:16:54.6]} 24. Kc2 {[%clk 0:17:11.5]} 24... b4 {[%clk 0:17:02.9]} 25. cxb4 {[%clk 0:17:16.9]} 25... cxb4 {[%clk 0:17:11.6]} 26. Rb1 {[%clk 0:17:21.7]} 26... Rfc8+ {[%clk 0:17:18.5]} 27. Kd2 {[%clk 0:17:30.4]} 27... a5 {[%clk 0:17:25.5]} 28. Rhc1 {[%clk 0:17:35.2]} 28... Re8 {[%clk 0:17:27.2]} 29. Ke3 {[%clk 0:17:43.7]} 29... d5 {[%clk 0:17:33.7]} 30. Bd3 {[%clk 0:17:40.3]} 30... dxe4 {[%clk 0:17:41.2]} 31. Bxe4 {[%clk 0:17:48.6]} 31... f5 {[%clk 0:17:49.5]} 32. Rc4 {[%clk 0:17:46.8]} 32... fxe4 {[%clk 0:17:44.7]} 33. Rxe4 {[%clk 0:17:56.7]} 33... Rxe4+ {[%clk 0:17:53.1]} 34. Kxe4 {[%clk 0:18:06.6]} 34... Rb8 {[%clk 0:17:58.8]} 35. Rb3 {[%clk 0:18:10.6]} 35... a4 {[%clk 0:18:06.3]} 36. Rd3 {[%clk 0:18:18.9]} 36... Kh7 {[%clk 0:18:08.1]} 37. Ke3 {[%clk 0:18:16.1]} 37... b3 {[%clk 0:18:16.4]} 38. axb3 {[%clk 0:18:22.8]} 38... axb3 {[%clk 0:18:25.2]} 39. Rd1 {[%clk 0:18:30.9]} 39... Rc8 {[%clk 0:18:33.4]} 40. Rb1 {[%clk 0:18:34.6]} 40... Rc3+ {[%clk 0:18:40.7]} 41. Kd2 {[%clk 0:18:43.1]} 41... Rc2+ {[%clk 0:18:49.1]} 42. Kd3 {[%clk 0:18:50.1]} 42... Rxh2 {[%clk 0:18:56.4]} 43. Rxb3 {[%clk 0:18:57.8]} 43... Rg2 {[%clk 0:19:02.6]} 44. Ke4 {[%clk 0:19:06.6]} 44... h5 {[%clk 0:19:09.9]} 45. Rb5 {[%clk 0:19:02.3]} 45... g6 {[%clk 0:19:14.2]} 46. Rg5 {[%clk 0:19:10.3]} 46... h4 {[%clk 0:19:20]} 47. gxh4 {[%clk 0:19:15.7]} 47... Rh2 {[%clk 0:19:24.1]} 48. Rg4 {[%clk 0:19:21.3]} 48... Kh6 {[%clk 0:19:32.6]} 49. Ke5 {[%clk 0:19:19]} 49... Kh5 {[%clk 0:19:39.7]} 50. Rg5+ {[%clk 0:19:25.7]} 50... Kh6 {[%clk 0:19:45.4]} 51. Kf6 {[%clk 0:19:29.1]} 51... Rxh4 {[%clk 0:19:51.8]} 52. Rxg6+ {[%clk 0:19:37]} 52... Kh5 {[%clk 0:19:56.4]} 53. f5 {[%clk 0:19:41]} 53... Rf4 {[%clk 0:20:03.7]} 54. Rg8 {[%clk 0:19:44.7]} 54... Rf1 {[%clk 0:20:07.7]} 55. Rh8+ {[%clk 0:19:50.2]} 55... Kg4 {[%clk 0:20:15.3]} 56. Kg6 {[%clk 0:19:58.2]} 56... Rxf5 {[%clk 0:20:20.8]} 57. Ra8 {[%clk 0:19:49.3]} 57... Rg5+ {[%clk 0:20:23.6]} 58. Kf6 {[%clk 0:19:58]} 58... Rf5+ {[%clk 0:20:32]} 59. Ke6 {[%clk 0:20:06.7]} 59... Rf4 {[%clk 0:20:33.1]} 60. Rg8+ {[%clk 0:20:14.3]} 60... Kf3 {[%clk 0:20:39.2]} 61. Ke5 {[%clk 0:20:22]} 61... Rf7 {[%clk 0:20:20]} 62. Kd4 {[%clk 0:20:22.2]} 62... Rd7+ {[%clk 0:20:12.5]} 63. Ke5 {[%clk 0:20:30.3]} 63... Re7+ {[%clk 0:20:11.4]} 64. Kd6 {[%clk 0:20:39]} 64... Re4 {[%clk 0:20:19.1]} 65. Kd5 {[%clk 0:20:46]} 65... Re7 {[%clk 0:20:22.9]} 66. Rg1 {[%clk 0:20:52.7]} 66... Kf2 {[%clk 0:20:07.8]} 67. Ra1 {[%clk 0:20:53.4]} 67... Re2 {[%clk 0:20:11.4]} 68. Kd4 {[%clk 0:20:59.5]} 1-0,900+10,True,8/8/8/8/3K4/8/4rk2/R7 b - -,rapid,willlt001 won - game abandoned,1-0,C41,Philidor-Defense-Exchange-Variation-4.Nxd4,13:43:25,14:00:21,black,white,willlt001,saehur,win,loss,abandoned,Philidor-Defense
37,https://www.chess.com/game/live/108829795481,2024-05-07,1. e4 {[%clk 0:10:00]} 1... e5 {[%clk 0:09:58.8]} 2. Nf3 {[%clk 0:09:58.8]} 2... Nc6 {[%clk 0:09:57.9]} 3. Bc4 {[%clk 0:09:56.6]} 3... Bc5 {[%clk 0:09:51.6]} 4. c3 {[%clk 0:09:54.1]} 4... h6 {[%clk 0:09:49.3]} 5. d4 {[%clk 0:09:49.7]} 5... exd4 {[%clk 0:09:48.1]} 6. cxd4 {[%clk 0:09:48.7]} 6... Bb6 {[%clk 0:09:47.5]} 7. Be3 {[%clk 0:09:44.1]} 7... d6 {[%clk 0:09:44.3]} 8. h3 {[%clk 0:09:42.2]} 8... a6 {[%clk 0:09:38.9]} 9. Nc3 {[%clk 0:09:37.2]} 9... Nge7 {[%clk 0:09:29.4]} 10. Qd2 {[%clk 0:08:31.7]} 10... Ng6 {[%clk 0:08:46.9]} 11. Nd5 {[%clk 0:07:46]} 11... Ba5 {[%clk 0:08:41.6]} 12. b4 {[%clk 0:07:14.4]} 12... Bb6 {[%clk 0:08:09.8]} 13. Nxb6 {[%clk 0:07:11]} 13... cxb6 {[%clk 0:08:08.8]} 14. a3 {[%clk 0:06:57.6]} 14... Nh4 {[%clk 0:08:07.6]} 15. O-O {[%clk 0:06:41.8]} 15... Nxf3+ {[%clk 0:08:03.5]} 16. gxf3 {[%clk 0:06:41.7]} 16... Bxh3 {[%clk 0:08:01.9]} 17. Bf4 {[%clk 0:06:33.2]} 0-1,600,True,r2qk2r/1p3pp1/ppnp3p/8/1PBPPB2/P4P1b/3Q1P2/R4RK1 b kq -,rapid,Drakongo76 won by resignation,0-1,C53,Giuoco-Piano-Game-Main-Line,14:04:45,14:10:31,black,white,willlt001,Drakongo76,loss,win,resignation,Giuoco-Piano
38,https://www.chess.com/game/live/108843104481,2024-05-07,1. d4 {[%clk 0:09:59.1]} 1... g6 {[%clk 0:09:58.5]} 2. Nf3 {[%clk 0:09:55.4]} 2... Bg7 {[%clk 0:09:55.4]} 3. c4 {[%clk 0:09:54]} 3... Nf6 {[%clk 0:09:52.5]} 4. Nc3 {[%clk 0:09:51.3]} 4... O-O {[%clk 0:09:51.1]} 5. e4 {[%clk 0:09:49.7]} 5... d6 {[%clk 0:09:48.7]} 6. Be2 {[%clk 0:09:46]} 6... Nfd7 {[%clk 0:09:36.5]} 7. O-O {[%clk 0:09:39.8]} 7... e5 {[%clk 0:09:33.8]} 8. d5 {[%clk 0:09:33.3]} 8... a5 {[%clk 0:09:27.3]} 9. Qc2 {[%clk 0:09:28.9]} 9... Na6 {[%clk 0:09:22.3]} 10. a3 {[%clk 0:09:26.5]} 10... Nf6 {[%clk 0:08:56.3]} 11. h3 {[%clk 0:09:22.5]} 11... Nc5 {[%clk 0:08:51.4]} 12. Be3 {[%clk 0:09:19.1]} 12... b6 {[%clk 0:08:44.4]} 13. b4 {[%clk 0:09:12.6]} 13... axb4 {[%clk 0:08:31.6]} 14. axb4 {[%clk 0:09:10.3]} 14... Nb7 {[%clk 0:08:27.3]} 15. Rxa8 {[%clk 0:09:07.5]} 1-0,600,True,R1bq1rk1/1np2pbp/1p1p1np1/3Pp3/1PP1P3/2N1BN1P/2Q1BPP1/5RK1 b - -,rapid,nicomad732 won by resignation,1-0,E91,Kings-Indian-Defense-Orthodox-Variation,17:49:59,17:52:38,white,black,willlt001,nicomad732,loss,win,resignation,Kings-Indian
39,https://www.chess.com/game/live/108843574979,2024-05-07,1. e4 {[%clk 0:10:00]} 1... c6 {[%clk 0:09:58.9]} 2. d4 {[%clk 0:09:58.8]} 2... d5 {[%clk 0:09:57.9]} 3. f3 {[%clk 0:09:58]} 3... dxe4 {[%clk 0:09:34.2]} 4. fxe4 {[%clk 0:09:57.9]} 4... c5 {[%clk 0:09:32.7]} 5. Nf3 {[%clk 0:09:35.8]} 5... Bg4 {[%clk 0:09:28.4]} 6. Bc4 {[%clk 0:09:19.6]} 6... Bxf3 {[%clk 0:09:24.7]} 7. Qxf3 {[%clk 0:09:17.9]} 7... Qxd4 {[%clk 0:09:23.5]} 8. Qxf7+ {[%clk 0:09:09.8]} 8... Kd7 {[%clk 0:09:13.2]} 9. Be6+ {[%clk 0:08:55.7]} 9... Kc7 {[%clk 0:09:03.8]} 10. Bf4+ {[%clk 0:08:51]} 10... Kb6 {[%clk 0:08:56]} 11. Nc3 {[%clk 0:08:24.1]} 11... Nc6 {[%clk 0:08:47.7]} 12. Nd5+ {[%clk 0:07:42.6]} 12... Ka5 {[%clk 0:08:29.4]} 13. Bc7+ {[%clk 0:07:32.8]} 13... b6 {[%clk 0:08:24.4]} 14. Qf3 {[%clk 0:06:52]} 14... Qxb2 {[%clk 0:07:52.8]} 15. O-O {[%clk 0:06:47.9]} 15... Nd4 {[%clk 0:07:51.2]} 16. Qc3+ {[%clk 0:06:10.7]} 16... Qxc3 {[%clk 0:07:25.1]} 17. Nxc3 {[%clk 0:06:10.6]} 17... Nxe6 {[%clk 0:07:18.8]} 18. Be5 {[%clk 0:05:44.2]} 18... Nf6 {[%clk 0:07:10.7]} 19. Rfb1 {[%clk 0:05:36.8]} 19... Ka6 {[%clk 0:07:06.6]} 20. a4 {[%clk 0:05:23.9]} 20... Nd4 {[%clk 0:07:01.5]} 21. a5 {[%clk 0:05:13.5]} 21... Kb7 {[%clk 0:06:44.4]} 22. axb6 {[%clk 0:05:07.5]} 22... a6 {[%clk 0:06:41.3]} 23. Na4 {[%clk 0:04:51.6]} 23... e6 {[%clk 0:06:31.1]} 24. Nxc5+ {[%clk 0:04:49.9]} 24... Bxc5 {[%clk 0:06:29.2]} 0-1,600,True,r6r/1k4pp/pP2pn2/2b1B3/3nP3/8/2P3PP/RR4K1 w - -,rapid,MatthewMcDonald72 won by resignation,0-1,B12,Caro-Kann-Defense-Fantasy-Variation-3...dxe4-4.fxe4,17:53:37,18:02:34,black,white,willlt001,MatthewMcDonald72,loss,win,resignation,Caro-Kann
40,https://www.chess.com/game/live/108844179927,2024-05-07,1. e4 {[%clk 0:10:00]} 1... e5 {[%clk 0:09:59.9]} 2. Nf3 {[%clk 0:09:58.6]} 2... d6 {[%clk 0:09:58.5]} 3. d4 {[%clk 0:09:57.3]} 3... exd4 {[%clk 0:09:57.1]} 4. Nxd4 {[%clk 0:09:56.1]} 4... Be7 {[%clk 0:09:55.1]} 5. Nc3 {[%clk 0:09:54.9]} 5... c6 {[%clk 0:09:53.4]} 6. Be3 {[%clk 0:09:44.4]} 6... Nf6 {[%clk 0:09:44.8]} 7. f3 {[%clk 0:09:39.9]} 7... O-O {[%clk 0:09:42.8]} 8. Bc4 {[%clk 0:09:37.1]} 8... a6 {[%clk 0:09:41]} 9. g4 {[%clk 0:09:32.5]} 9... Nbd7 {[%clk 0:09:38.8]} 10. h4 {[%clk 0:09:28.2]} 10... c5 {[%clk 0:09:34.7]} 11. Nf5 {[%clk 0:09:19.4]} 11... b5 {[%clk 0:09:30.3]} 12. Bd5 {[%clk 0:09:09.1]} 12... Rb8 {[%clk 0:09:27]} 13. g5 {[%clk 0:09:00.5]} 13... Nxd5 {[%clk 0:09:24.3]} 14. Nxd5 {[%clk 0:08:59.1]} 14... Re8 {[%clk 0:09:16.2]} 15. Qd2 {[%clk 0:08:26.6]} 15... Bf8 {[%clk 0:09:13.3]} 16. O-O-O {[%clk 0:07:45.5]} 16... Ne5 {[%clk 0:09:08.7]} 17. f4 {[%clk 0:07:10.4]} 17... Nc4 {[%clk 0:09:00.1]} 18. Qc3 {[%clk 0:07:01.7]} 18... Bxf5 {[%clk 0:08:57]} 19. exf5 {[%clk 0:06:52.4]} 19... Nxe3 {[%clk 0:08:47.6]} 20. Nxe3 {[%clk 0:06:51.1]} 20... Qb6 {[%clk 0:08:41.1]} 21. Nd5 {[%clk 0:06:46.6]} 21... Qb7 {[%clk 0:08:32.6]} 22. g6 {[%clk 0:06:26.4]} 22... h6 {[%clk 0:08:25.2]} 23. f6 {[%clk 0:06:17.2]} 23... fxg6 {[%clk 0:08:11.2]} 24. fxg7 {[%clk 0:06:13.6]} 24... Qxg7 {[%clk 0:08:05.7]} 25. Qd3 {[%clk 0:05:38.6]} 25... Kh8 {[%clk 0:07:44.2]} 26. h5 {[%clk 0:05:34.9]} 26... g5 {[%clk 0:07:28.8]} 27. fxg5 {[%clk 0:05:32.1]} 27... Qxg5+ {[%clk 0:07:26.4]} 28. Kb1 {[%clk 0:05:29.5]} 28... Bg7 {[%clk 0:07:17.5]} 29. Rdg1 {[%clk 0:05:09]} 29... Qe5 {[%clk 0:07:15]} 30. Nc3 {[%clk 0:04:20.6]} 30... b4 {[%clk 0:07:01.2]} 31. Na4 {[%clk 0:04:10.4]} 31... b3 {[%clk 0:06:44.2]} 32. c3 {[%clk 0:04:01.1]} 32... Qe4 {[%clk 0:06:32.4]} 33. Qxe4 {[%clk 0:03:44.5]} 33... bxa2+ {[%clk 0:06:26.2]} 34. Kxa2 {[%clk 0:03:41.3]} 34... Rxe4 {[%clk 0:06:24.1]} 35. Rg6 {[%clk 0:03:39.2]} 35... Rxa4+ {[%clk 0:06:16.9]} 36. Kb1 {[%clk 0:03:34.2]} 36... Re4 {[%clk 0:06:10.5]} 37. Rxd6 {[%clk 0:03:30.5]} 37... a5 {[%clk 0:06:06.7]} 38. Rd5 {[%clk 0:03:21.6]} 38... Re2 {[%clk 0:06:03.4]} 39. Rxc5 {[%clk 0:03:10.3]} 39... Rbxb2+ {[%clk 0:05:51.2]} 40. Kc1 {[%clk 0:03:09.1]} 40... Rbc2+ {[%clk 0:05:46.8]} 41. Kd1 {[%clk 0:03:07.2]} 41... Rg2 {[%clk 0:05:34.1]} 42. Rc8+ {[%clk 0:02:57.6]} 42... Kh7 {[%clk 0:05:32]} 43. Rc7 {[%clk 0:02:56.1]} 43... a4 {[%clk 0:05:30.5]} 44. Ra7 {[%clk 0:02:51.8]} 44... Ra2 {[%clk 0:05:28.8]} 45. c4 {[%clk 0:02:45.5]} 45... Ra1# {[%clk 0:05:26.6]} 0-1,600,True,8/R5bk/7p/7P/p1P5/8/6r1/r2K3R w - -,rapid,arams999 won by checkmate,0-1,C41,Philidor-Defense-Exchange-Variation-4.Nxd4,18:03:53,18:16:15,black,white,willlt001,arams999,loss,win,checkmate,Philidor-Defense
41,https://www.chess.com/game/live/108850221929,2024-05-07,1. e4 {[%clk 0:10:00]} 1... c5 {[%clk 0:09:58.4]} 2. c3 {[%clk 0:09:58.4]} 2... e6 {[%clk 0:09:56.6]} 3. d4 {[%clk 0:09:56.5]} 3... d5 {[%clk 0:09:53.8]} 4. e5 {[%clk 0:09:52.8]} 4... cxd4 {[%clk 0:09:50.9]} 5. cxd4 {[%clk 0:09:51]} 5... Ne7 {[%clk 0:09:50.2]} 6. Nf3 {[%clk 0:09:46]} 6... Nf5 {[%clk 0:09:48.3]} 7. Nc3 {[%clk 0:09:39.2]} 7... Nc6 {[%clk 0:09:39.3]} 8. a3 {[%clk 0:09:36.1]} 8... Be7 {[%clk 0:09:36.7]} 9. Be2 {[%clk 0:09:32]} 9... Bd7 {[%clk 0:09:34.9]} 10. O-O {[%clk 0:09:29.4]} 10... O-O {[%clk 0:09:32]} 11. b4 {[%clk 0:09:22.5]} 11... a6 {[%clk 0:09:28.1]} 12. Bb2 {[%clk 0:09:20]} 12... f6 {[%clk 0:09:14.7]} 13. exf6 {[%clk 0:09:06.8]} 13... Bxf6 {[%clk 0:09:13.5]} 14. Na4 {[%clk 0:08:47.2]} 14... Ncxd4 {[%clk 0:08:57.5]} 15. Nxd4 {[%clk 0:08:37.1]} 15... Nxd4 {[%clk 0:08:55.6]} 16. Nc5 {[%clk 0:08:02.5]} 16... Nxe2+ {[%clk 0:08:53.2]} 17. Qxe2 {[%clk 0:07:59.7]} 17... Bxb2 {[%clk 0:08:49.7]} 18. Qxb2 {[%clk 0:07:59.6]} 18... Qf6 {[%clk 0:08:48]} 19. Qxf6 {[%clk 0:07:50.9]} 19... Rxf6 {[%clk 0:08:46.6]} 20. Nxd7 {[%clk 0:07:50.2]} 20... Rf7 {[%clk 0:08:45.1]} 21. Nc5 {[%clk 0:07:46.2]} 21... Rc8 {[%clk 0:08:44.2]} 22. Nxe6 {[%clk 0:07:38.4]} 22... Rc2 {[%clk 0:08:40]} 23. Rfc1 {[%clk 0:07:32.2]} 23... Rcxf2 {[%clk 0:08:36.9]} 24. Nc5 {[%clk 0:07:25.5]} 24... h6 {[%clk 0:08:26]} 25. Rf1 {[%clk 0:07:14.7]} 25... Re2 {[%clk 0:08:15.1]} 26. Rxf7 {[%clk 0:07:11.3]} 26... Kxf7 {[%clk 0:08:14.3]} 27. Nxb7 {[%clk 0:07:10]} 27... d4 {[%clk 0:08:11.8]} 28. Nc5 {[%clk 0:07:07.9]} 28... Rc2 {[%clk 0:08:02.4]} 29. Nxa6 {[%clk 0:07:00.3]} 29... d3 {[%clk 0:08:01.7]} 30. Rf1+ {[%clk 0:06:49.6]} 30... Kg6 {[%clk 0:07:58.8]} 31. Nc5 {[%clk 0:06:22.5]} 31... d2 {[%clk 0:07:57.7]} 32. Nd3 {[%clk 0:06:19.7]} 32... Rc3 {[%clk 0:07:52.2]} 33. Nf2 {[%clk 0:06:09.6]} 33... Rc1 {[%clk 0:07:47.1]} 34. Rd1 {[%clk 0:06:00.2]} 34... Rc2 {[%clk 0:07:33.9]} 35. Kf1 {[%clk 0:05:56.2]} 35... Kf5 {[%clk 0:07:22.5]} 36. Ke2 {[%clk 0:05:52.6]} 36... Ra2 {[%clk 0:07:19.5]} 37. Rxd2 {[%clk 0:05:48.5]} 37... Rxa3 {[%clk 0:07:18.7]} 38. Rb2 {[%clk 0:05:43.8]} 38... Ke5 {[%clk 0:07:09.4]} 39. Nd3+ {[%clk 0:05:39.3]} 39... Kd4 {[%clk 0:07:07.2]} 40. Nf4 {[%clk 0:05:14.8]} 40... Kc4 {[%clk 0:06:49.2]} 41. b5 {[%clk 0:05:10]} 41... Kc3 {[%clk 0:06:37.3]} 42. Rb1 {[%clk 0:04:45.8]} 42... Ra2+ {[%clk 0:06:36.1]} 43. Kf3 {[%clk 0:04:43.9]} 43... Ra3 {[%clk 0:06:18.9]} 44. Ne2+ {[%clk 0:04:35.1]} 44... Kc2+ {[%clk 0:06:15.9]} 45. Nc3 {[%clk 0:04:17.8]} 45... Rxc3+ {[%clk 0:06:13.5]} 0-1,600,True,8/6p1/7p/1P6/8/2r2K2/2k3PP/1R6 w - -,rapid,Aknathon won by resignation,0-1,B22,Alapin-Sicilian-Defense...3.d4-cxd4-4.cxd4-d5-5.e5,19:46:22,19:56:27,black,white,willlt001,Aknathon,loss,win,resignation,Alapin-Sicilian
42,https://www.chess.com/game/live/108850841027,2024-05-07,1. c4 {[%clk 0:09:57.5]} 1... g6 {[%clk 0:09:58.4]} 2. d4 {[%clk 0:09:55.2]} 2... Bg7 {[%clk 0:09:56.6]} 3. Nc3 {[%clk 0:09:53.1]} 3... Nf6 {[%clk 0:09:54.3]} 4. Nf3 {[%clk 0:09:51.3]} 4... O-O {[%clk 0:09:50.5]} 5. e4 {[%clk 0:09:45.3]} 5... d6 {[%clk 0:09:47.4]} 6. Be2 {[%clk 0:09:42.6]} 6... c5 {[%clk 0:09:41]} 7. e5 {[%clk 0:09:21.1]} 7... dxe5 {[%clk 0:09:25.4]} 8. dxe5 {[%clk 0:09:19.9]} 8... Qxd1+ {[%clk 0:09:20]} 9. Bxd1 {[%clk 0:09:19.1]} 9... Ng4 {[%clk 0:09:16.6]} 10. O-O {[%clk 0:09:11.2]} 10... Nxe5 {[%clk 0:09:14.1]} 11. Nxe5 {[%clk 0:09:02]} 11... Bxe5 {[%clk 0:09:12.6]} 12. Nd5 {[%clk 0:08:53.4]} 12... Bd6 {[%clk 0:08:51.6]} 13. Bf4 {[%clk 0:08:36.5]} 13... e5 {[%clk 0:08:43.3]} 14. Bh6 {[%clk 0:08:24.9]} 14... Re8 {[%clk 0:08:37.3]} 15. Nf6+ {[%clk 0:08:22.8]} 1-0,600,True,rnb1r1k1/pp3p1p/3b1NpB/2p1p3/2P5/8/PP3PPP/R2B1RK1 b - -,rapid,sanooooood won by resignation,1-0,E91,Kings-Indian-Defense-Orthodox-Variation-6...c5,19:56:56,20:00:17,white,black,willlt001,sanooooood,loss,win,resignation,Kings-Indian
43,https://www.chess.com/game/live/108850918587,2024-05-07,1. e4 {[%clk 0:10:00]} 1... c6 {[%clk 0:09:59.9]} 2. Nf3 {[%clk 0:09:57.5]} 2... d5 {[%clk 0:09:59.3]} 3. exd5 {[%clk 0:09:55.7]} 3... cxd5 {[%clk 0:09:58.5]} 4. d4 {[%clk 0:09:54.4]} 4... Nf6 {[%clk 0:09:56.3]} 5. Bb5+ {[%clk 0:09:49.4]} 5... Nc6 {[%clk 0:09:48]} 6. Ne5 {[%clk 0:09:47.7]} 6... Bd7 {[%clk 0:09:43.7]} 7. Nxd7 {[%clk 0:09:45.4]} 7... Qxd7 {[%clk 0:09:42.6]} 8. O-O {[%clk 0:09:39.7]} 8... a6 {[%clk 0:09:40.5]} 9. Ba4 {[%clk 0:09:38.5]} 9... b5 {[%clk 0:09:38.5]} 10. Bb3 {[%clk 0:09:36]} 10... e6 {[%clk 0:09:37.2]} 11. Nc3 {[%clk 0:09:32.9]} 11... Be7 {[%clk 0:09:33.3]} 12. a4 {[%clk 0:09:21.2]} 12... b4 {[%clk 0:09:22]} 13. Ne2 {[%clk 0:09:10.9]} 13... a5 {[%clk 0:09:17.8]} 14. c3 {[%clk 0:09:08.8]} 14... bxc3 {[%clk 0:08:57]} 15. bxc3 {[%clk 0:09:01.9]} 15... Rb8 {[%clk 0:08:53.3]} 16. Bg5 {[%clk 0:08:57]} 16... O-O {[%clk 0:08:47.7]} 17. Nf4 {[%clk 0:08:49]} 17... h6 {[%clk 0:08:29.2]} 18. Bxf6 {[%clk 0:08:31.4]} 18... Bxf6 {[%clk 0:08:29.1]} 19. Qg4 {[%clk 0:08:10.8]} 19... Rxb3 {[%clk 0:08:19.7]} 20. Nh5 {[%clk 0:07:58.1]} 20... Qe7 {[%clk 0:08:02.1]} 21. Rfe1 {[%clk 0:07:36]} 21... g6 {[%clk 0:07:54.4]} 22. Nf4 {[%clk 0:07:20.7]} 22... Bg5 {[%clk 0:07:37.2]} 23. Nh3 {[%clk 0:07:10.5]} 23... Kg7 {[%clk 0:07:22.6]} 24. f4 {[%clk 0:07:00.6]} 24... Bf6 {[%clk 0:07:13.4]} 25. Re3 {[%clk 0:06:45.5]} 25... h5 {[%clk 0:07:06.1]} 26. Qf3 {[%clk 0:06:33.6]} 26... Qd6 {[%clk 0:06:46]} 27. g4 {[%clk 0:05:55.5]} 27... hxg4 {[%clk 0:06:32]} 28. Qxg4 {[%clk 0:05:50.3]} 28... Bxd4 {[%clk 0:06:30.2]} 29. Qg3 {[%clk 0:05:09.1]} 29... Bxe3+ {[%clk 0:06:27.7]} 30. Qxe3 {[%clk 0:05:08]} 30... Ne7 {[%clk 0:06:15.6]} 31. Rf1 {[%clk 0:04:46.4]} 31... Nf5 {[%clk 0:06:11.2]} 32. Qd3 {[%clk 0:04:32.4]} 32... Qc5+ {[%clk 0:06:01.1]} 33. Kg2 {[%clk 0:04:18.8]} 33... Rxc3 {[%clk 0:05:59.1]} 34. Qb1 {[%clk 0:03:58.6]} 34... Rc2+ {[%clk 0:05:42.6]} 35. Kh1 {[%clk 0:03:55.1]} 35... Rh8 {[%clk 0:05:25.6]} 36. Qa1+ {[%clk 0:03:36.1]} 36... Kg8 {[%clk 0:05:01.5]} 37. Nf2 {[%clk 0:03:18.1]} 37... Ng3+ {[%clk 0:04:53.7]} 38. Kg1 {[%clk 0:03:15]} 38... Nxf1 {[%clk 0:04:47.7]} 39. Qxf1 {[%clk 0:03:09.8]} 39... Rc1 {[%clk 0:04:44.5]} 40. Qxc1 {[%clk 0:03:02.3]} 40... Qxc1+ {[%clk 0:04:44.4]} 41. Kg2 {[%clk 0:03:01.7]} 41... Qxf4 {[%clk 0:04:41.1]} 42. h3 {[%clk 0:02:58.1]} 42... d4 {[%clk 0:04:35.2]} 43. Ng4 {[%clk 0:02:54.6]} 43... d3 {[%clk 0:04:32.1]} 44. Nf2 {[%clk 0:02:50.6]} 44... d2 {[%clk 0:04:29.7]} 45. Kf1 {[%clk 0:02:48]} 45... Qxf2+ {[%clk 0:04:27.8]} 46. Kxf2 {[%clk 0:02:46.8]} 46... d1=Q {[%clk 0:04:27.7]} 47. Kg3 {[%clk 0:02:45.6]} 47... Qf1 {[%clk 0:04:24.8]} 48. Kg4 {[%clk 0:02:44.5]} 48... f5+ {[%clk 0:04:23.4]} 49. Kg5 {[%clk 0:02:43.4]} 49... Kg7 {[%clk 0:04:21]} 50. h4 {[%clk 0:02:39.3]} 50... Rh5# {[%clk 0:04:20.4]} 0-1,600,True,8/6k1/4p1p1/p4pKr/P6P/8/8/5q2 w - -,rapid,willlt001 won by checkmate,0-1,B10,Caro-Kann-Defense...6.Bb5-Bd7-7.Nxd7-Qxd7,20:00:52,20:14:22,white,black,willlt001,cerp43,win,loss,checkmate,Caro-Kann
44,https://www.chess.com/game/live/108907252979,2024-05-08,1. e4 {[%clk 0:10:00]} 1... c5 {[%clk 0:10:00]} 2. c3 {[%clk 0:09:58.8]} 2... d5 {[%clk 0:09:58.6]} 3. e5 {[%clk 0:09:54.3]} 3... Nc6 {[%clk 0:09:56.9]} 4. d4 {[%clk 0:09:47.7]} 4... cxd4 {[%clk 0:09:54.4]} 5. cxd4 {[%clk 0:09:44]} 5... f6 {[%clk 0:09:50.8]} 6. Nf3 {[%clk 0:09:26.4]} 6... fxe5 {[%clk 0:09:49.1]} 7. dxe5 {[%clk 0:09:23.9]} 7... Bg4 {[%clk 0:09:39.7]} 8. Bf4 {[%clk 0:09:15.8]} 8... e6 {[%clk 0:09:24.8]} 9. Be2 {[%clk 0:08:59]} 9... Qc7 {[%clk 0:09:23]} 10. Nc3 {[%clk 0:08:51.9]} 10... Bxf3 {[%clk 0:09:16.9]} 11. Bxf3 {[%clk 0:08:48.5]} 11... Nxe5 {[%clk 0:09:15.3]} 12. Be2 {[%clk 0:08:05]} 12... Bd6 {[%clk 0:09:09.9]} 13. O-O {[%clk 0:07:58.5]} 13... a6 {[%clk 0:08:58.2]} 14. Bh5+ {[%clk 0:07:39.6]} 14... g6 {[%clk 0:08:52.7]} 15. Be2 {[%clk 0:07:37.9]} 15... Nc6 {[%clk 0:08:31.1]} 16. Bxd6 {[%clk 0:07:13.3]} 16... Qxd6 {[%clk 0:08:31]} 17. Re1 {[%clk 0:07:05.6]} 17... O-O-O {[%clk 0:08:26.8]} 18. Bg4 {[%clk 0:06:41.8]} 18... Re8 {[%clk 0:08:17.6]} 19. Nxd5 {[%clk 0:06:17]} 19... Ne5 {[%clk 0:07:49.8]} 20. Rc1+ {[%clk 0:05:38.7]} 20... Kb8 {[%clk 0:07:41.7]} 21. Ne3 {[%clk 0:05:26.8]} 21... Qxd1 {[%clk 0:07:06.3]} 22. Rexd1 {[%clk 0:05:26.7]} 22... Nf6 {[%clk 0:07:00.8]} 23. Be2 {[%clk 0:03:43.2]} 23... Rd8 {[%clk 0:06:55.1]} 24. h3 {[%clk 0:03:22.1]} 24... Nh5 {[%clk 0:06:49.5]} 25. Bxh5 {[%clk 0:02:40]} 25... gxh5 {[%clk 0:06:48]} 26. Re1 {[%clk 0:02:35.4]} 26... Nd3 {[%clk 0:06:44.8]} 27. Nc4 {[%clk 0:02:27]} 27... Nxc1 {[%clk 0:06:35.9]} 28. Rxc1 {[%clk 0:02:25.9]} 28... Rc8 {[%clk 0:06:33]} 29. b3 {[%clk 0:02:24.3]} 29... b5 {[%clk 0:06:31.9]} 0-1,600,True,1kr4r/7p/p3p3/1p5p/2N5/1P5P/P4PP1/2R3K1 w - b6,rapid,kareemkarawan won by resignation,0-1,B22,Alapin-Sicilian-Defense-2...d5,11:39:29,11:50:51,black,white,willlt001,kareemkarawan,loss,win,resignation,Alapin-Sicilian
45,https://www.chess.com/game/live/108924662295,2024-05-08,1. e4 {[%clk 0:09:59.8]} 1... c6 {[%clk 0:09:58.7]} 2. Nf3 {[%clk 0:09:59.2]} 2... d5 {[%clk 0:09:57.4]} 3. exd5 {[%clk 0:09:57.1]} 3... cxd5 {[%clk 0:09:56.1]} 4. d4 {[%clk 0:09:54.8]} 4... Bg4 {[%clk 0:09:54.8]} 5. Be2 {[%clk 0:09:53.1]} 5... Nf6 {[%clk 0:09:52.8]} 6. Bg5 {[%clk 0:09:49.8]} 6... e6 {[%clk 0:09:43]} 7. Nc3 {[%clk 0:09:46.5]} 7... Be7 {[%clk 0:09:40.2]} 8. h3 {[%clk 0:09:27.7]} 8... Bxf3 {[%clk 0:09:38.7]} 9. Bxf3 {[%clk 0:09:26.2]} 9... Nc6 {[%clk 0:09:36.5]} 10. O-O {[%clk 0:09:19.5]} 10... Qb6 {[%clk 0:09:32.4]} 11. Be3 {[%clk 0:09:04.8]} 11... O-O {[%clk 0:09:27.4]} 12. Rb1 {[%clk 0:08:47.8]} 12... a5 {[%clk 0:08:24.6]} 13. a3 {[%clk 0:08:47]} 13... Rfc8 {[%clk 0:08:07.3]} 14. Na4 {[%clk 0:08:37.5]} 14... Qc7 {[%clk 0:07:56.1]} 15. Nc5 {[%clk 0:08:21.1]} 15... b6 {[%clk 0:07:44.7]} 16. Nd3 {[%clk 0:08:17.5]} 16... Bd6 {[%clk 0:07:24.2]} 17. c3 {[%clk 0:08:10.8]} 17... Ne7 {[%clk 0:07:18.1]} 18. Bg5 {[%clk 0:07:55.2]} 18... Ne4 {[%clk 0:07:09]} 19. Bxe7 {[%clk 0:07:45.7]} 19... Qxe7 {[%clk 0:07:05.7]} 20. Bxe4 {[%clk 0:07:38.9]} 20... b5 {[%clk 0:06:00.2]} 21. Bf3 {[%clk 0:07:30.4]} 21... b4 {[%clk 0:05:40.5]} 22. cxb4 {[%clk 0:07:12.9]} 22... axb4 {[%clk 0:05:36.8]} 23. axb4 {[%clk 0:07:11.8]} 23... Bxb4 {[%clk 0:04:31.8]} 24. Nxb4 {[%clk 0:07:10.2]} 24... Qxb4 {[%clk 0:04:30.4]} 25. Qd3 {[%clk 0:06:37.5]} 25... Rc4 {[%clk 0:04:22.3]} 26. Rfc1 {[%clk 0:06:32.6]} 26... Rxc1+ {[%clk 0:04:14.2]} 27. Rxc1 {[%clk 0:06:30.8]} 27... Qxb2 {[%clk 0:04:12.3]} 28. Qc2 {[%clk 0:06:24.3]} 1-0,600,True,r5k1/5ppp/4p3/3p4/3P4/5B1P/1qQ2PP1/2R3K1 b - -,rapid,MacdeNina won by resignation,1-0,B13,Caro-Kann-Defense-Exchange-Variation-3...cxd5-4.Nf3,16:28:45,16:38:58,white,black,willlt001,MacdeNina,loss,win,resignation,Caro-Kann
46,https://www.chess.com/game/live/108983450549,2024-05-09,1. e4 {[%clk 0:03:00]} 1... e5 {[%clk 0:03:00]} 2. Nf3 {[%clk 0:02:59.2]} 2... Nc6 {[%clk 0:02:59.4]} 3. Bc4 {[%clk 0:02:58.7]} 3... Nf6 {[%clk 0:02:58.7]} 4. Ng5 {[%clk 0:02:57.5]} 4... d5 {[%clk 0:02:57.3]} 5. exd5 {[%clk 0:02:56.9]} 5... Nd4 {[%clk 0:02:54.5]} 6. c3 {[%clk 0:02:48.7]} 6... Ng4 {[%clk 0:02:50.2]} 7. Ne4 {[%clk 0:02:30.8]} 7... Nxf2 {[%clk 0:02:24.4]} 8. Nxf2 {[%clk 0:02:26.8]} 8... Bc5 {[%clk 0:02:20.1]} 9. cxd4 {[%clk 0:02:24.2]} 9... Bxd4 {[%clk 0:02:18.8]} 10. O-O {[%clk 0:02:22.8]} 10... O-O {[%clk 0:02:17.6]} 11. Nc3 {[%clk 0:02:19.7]} 1-0,180,True,r1bq1rk1/ppp2ppp/8/3Pp3/2Bb4/2N5/PP1P1NPP/R1BQ1RK1 b - -,blitz,willlt001 won by resignation,1-0,C57,Italian-Game-Knight-Attack-Fritz-Variation-6.c3,08:50:48,08:52:29,black,white,willlt001,Basars,win,loss,resignation,Italian-Game
47,https://www.chess.com/game/live/108993039523,2024-05-09,1. e4 {[%clk 0:03:00]} 1... c6 {[%clk 0:02:54.4]} 2. b3 {[%clk 0:02:59.5]} 2... d5 {[%clk 0:02:52.3]} 3. Ba3 {[%clk 0:02:57.8]} 3... dxe4 {[%clk 0:02:47.8]} 4. Nc3 {[%clk 0:02:56.4]} 4... Nf6 {[%clk 0:02:44.7]} 5. h3 {[%clk 0:02:52.4]} 1-0,180,True,rnbqkb1r/pp2pppp/2p2n2/8/4p3/BPN4P/P1PP1PP1/R2QKBNR b KQkq -,blitz,Sastrodirhardjo won - game abandoned,1-0,B10,Caro-Kann-Defense-Euwe-Attack-2...d5,11:28:39,11:30:07,white,black,willlt001,Sastrodirhardjo,loss,win,abandoned,Caro-Kann
48,https://www.chess.com/game/live/108993661275,2024-05-09,1. e3 {[%clk 0:03:00]} 1... c6 {[%clk 0:03:00]} 2. b3 {[%clk 0:02:56.5]} 2... d5 {[%clk 0:02:59.6]} 3. Bb2 {[%clk 0:02:55.3]} 3... e5 {[%clk 0:02:59]} 4. Bxe5 {[%clk 0:02:52.4]} 4... Bd6 {[%clk 0:02:55.5]} 5. Bb2 {[%clk 0:02:50.1]} 5... Bf5 {[%clk 0:02:53.9]} 6. Nf3 {[%clk 0:02:48.2]} 6... Nf6 {[%clk 0:02:51.3]} 7. d3 {[%clk 0:02:44.9]} 7... Nbd7 {[%clk 0:02:50.9]} 8. Nbd2 {[%clk 0:02:43.6]} 8... O-O {[%clk 0:02:49.5]} 9. Be2 {[%clk 0:02:42.8]} 9... Re8 {[%clk 0:02:48.7]} 10. O-O {[%clk 0:02:41]} 10... Qc7 {[%clk 0:02:42.3]} 11. h3 {[%clk 0:02:34.1]} 11... Re7 {[%clk 0:02:32]} 12. Nh4 {[%clk 0:02:29.5]} 12... Bh2+ {[%clk 0:02:22.3]} 13. Kh1 {[%clk 0:02:15.9]} 13... Bg6 {[%clk 0:02:19.5]} 14. g3 {[%clk 0:02:09]} 14... Bxg3 {[%clk 0:02:17.3]} 15. fxg3 {[%clk 0:02:08.1]} 15... Qxg3 {[%clk 0:02:16.9]} 16. Ng2 {[%clk 0:01:52.9]} 16... Qxh3+ {[%clk 0:02:15.2]} 17. Kg1 {[%clk 0:01:52.4]} 17... Qxe3+ {[%clk 0:02:14.1]} 18. Kh1 {[%clk 0:01:47.3]} 18... Qh3+ {[%clk 0:02:05.5]} 19. Kg1 {[%clk 0:01:46.2]} 19... Ng4 {[%clk 0:02:04.8]} 20. Bxg4 {[%clk 0:01:36.8]} 1-0,180,True,r5k1/pp1nrppp/2p3b1/3p4/6B1/1P1P3q/PBPN2N1/R2Q1RK1 b - -,blitz,willlt001 won by resignation,1-0,A00,Van-t-Kruijs-Opening,11:40:04,11:42:36,black,white,willlt001,oscarlvz,win,loss,resignation,Van-t-Kruijs
49,https://www.chess.com/game/live/108994186929,2024-05-09,1. e4 {[%clk 0:03:00]} 1... c5 {[%clk 0:02:59.9]} 2. c3 {[%clk 0:02:58.8]} 2... a6 {[%clk 0:02:59.8]} 3. d4 {[%clk 0:02:57.6]} 3... cxd4 {[%clk 0:02:59.7]} 4. cxd4 {[%clk 0:02:57.1]} 4... e6 {[%clk 0:02:59.6]} 5. Nf3 {[%clk 0:02:56.5]} 5... Nc6 {[%clk 0:02:59.3]} 6. Nc3 {[%clk 0:02:55.6]} 6... Bb4 {[%clk 0:02:58.9]} 7. Bd2 {[%clk 0:02:53.7]} 7... Nf6 {[%clk 0:02:58.4]} 8. a3 {[%clk 0:02:52.9]} 8... Bxc3 {[%clk 0:02:57.7]} 9. Bxc3 {[%clk 0:02:50.4]} 9... Nxe4 {[%clk 0:02:57.4]} 10. Bd3 {[%clk 0:02:48.6]} 10... Nxc3 {[%clk 0:02:56.7]} 11. bxc3 {[%clk 0:02:48.5]} 11... O-O {[%clk 0:02:55.6]} 12. O-O {[%clk 0:02:46.9]} 12... d5 {[%clk 0:02:54.7]} 13. Qd2 {[%clk 0:02:46.2]} 13... g6 {[%clk 0:02:53.9]} 14. Qh6 {[%clk 0:02:43.5]} 14... Qf6 {[%clk 0:02:51.5]} 15. h4 {[%clk 0:02:38.9]} 15... Qg7 {[%clk 0:02:50.4]} 16. Qg5 {[%clk 0:02:36.8]} 16... Re8 {[%clk 0:02:46.8]} 17. Rfe1 {[%clk 0:02:27.8]} 17... Ne7 {[%clk 0:02:45.3]} 18. Ne5 {[%clk 0:02:26.4]} 18... Nf5 {[%clk 0:02:40.6]} 19. g4 {[%clk 0:02:21.7]} 19... Nh6 {[%clk 0:02:35.7]} 20. Qf4 {[%clk 0:02:11.2]} 20... f6 {[%clk 0:02:32.8]} 21. Nf3 {[%clk 0:02:08.7]} 21... Bd7 {[%clk 0:02:27.9]} 22. Rab1 {[%clk 0:02:03.6]} 22... b5 {[%clk 0:02:25.8]} 23. g5 {[%clk 0:02:00.4]} 23... Nf5 {[%clk 0:02:23.2]} 24. gxf6 {[%clk 0:01:56.2]} 24... Qxf6 {[%clk 0:02:23.1]} 25. Ng5 {[%clk 0:01:48]} 25... Re7 {[%clk 0:02:11.4]} 26. Re2 {[%clk 0:01:36.2]} 26... Rae8 {[%clk 0:02:10.3]} 27. a4 {[%clk 0:01:33.5]} 27... bxa4 {[%clk 0:02:08.3]} 28. Bxa6 {[%clk 0:01:32.9]} 28... Kg7 {[%clk 0:02:01.7]} 29. Bb5 {[%clk 0:01:31]} 29... Bxb5 {[%clk 0:01:58.9]} 30. Rxb5 {[%clk 0:01:30.9]} 30... h6 {[%clk 0:01:43.7]} 31. Nf3 {[%clk 0:01:11.4]} 31... h5 {[%clk 0:01:34.2]} 32. Ra5 {[%clk 0:01:08.2]} 32... Nh6 {[%clk 0:01:19.4]} 33. Qxf6+ {[%clk 0:01:04]} 33... Kxf6 {[%clk 0:01:19.3]} 34. Ng5 {[%clk 0:01:03.3]} 34... Nf5 {[%clk 0:01:11.3]} 35. Rxa4 {[%clk 0:01:01.2]} 35... Nxh4 {[%clk 0:01:09.9]} 36. Ra6 {[%clk 0:00:59.1]} 36... Kxg5 {[%clk 0:01:04.3]} 37. Kh2 {[%clk 0:00:56.2]} 37... Nf3+ {[%clk 0:01:03]} 38. Kg3 {[%clk 0:00:53.9]} 38... Rf8 {[%clk 0:00:57.1]} 39. Ra5 {[%clk 0:00:45.2]} 39... h4+ {[%clk 0:00:56.4]} 40. Kg2 {[%clk 0:00:41.7]} 40... Kg4 {[%clk 0:00:53]} 41. c4 {[%clk 0:00:35.2]} 41... dxc4 {[%clk 0:00:26.8]} 42. Re4+ {[%clk 0:00:33.3]} 42... Rf4 {[%clk 0:00:19.6]} 43. Re3 {[%clk 0:00:32.8]} 43... Nxd4 {[%clk 0:00:15.4]} 44. Rae5 {[%clk 0:00:29.6]} 44... Ref7 {[%clk 0:00:10.8]} 45. Rc5 {[%clk 0:00:22.5]} 45... Rxf2+ {[%clk 0:00:08.8]} 46. Kg1 {[%clk 0:00:22.1]} 46... Ne2+ {[%clk 0:00:07.1]} 47. Kh1 {[%clk 0:00:20.6]} 47... Rf1+ {[%clk 0:00:06]} 48. Kh2 {[%clk 0:00:19.6]} 48... R7f2# {[%clk 0:00:05.9]} 0-1,180,True,8/8/4p1p1/2R5/2p3kp/4R3/4nr1K/5r2 w - -,blitz,Resilllience won by checkmate,0-1,B22,Alapin-Sicilian-Defense,11:44:52,11:51:07,black,white,willlt001,Resilllience,loss,win,checkmate,Alapin-Sicilian
